Band:,Album:,Song:,Lyric:,Location:,Coordinates,,X,Y
Steely Dan,Can't Buy a Thrill (1972),Do It Again,"""Then you find you're back in <b><u>Vegas</b></u> with a handle in your hand""",Las Vegas,"[ 36.16304218140045, -115.17801855220941 ]","{ ""type"": ""Feature"", ""properties"": { ""song"": ""Do It Again"", ""lyric"": ""Then you find you're back in <b><u>Vegas</b></u> with a handle in your hand"", ""artist"": ""Steely Dan"", ""year"": ""1972"", ""album"": ""Can't Buy a Thrill"", ""count"": 10, ""pic"": ""<img src='Steely_Can'tBuyAThrill.png' style='height:175px; display: block; margin-left: auto; margin-right: auto; border: 5px solid #555;'>"" }, ""geometry"": { ""type"": ""Point"", ""coordinates"":[ 36.16304218140045, -115.17801855220941 ] } },",36.16304218,-115.1780186
Steely Dan,Can't Buy a Thrill (1972),Midnight Cruiser,"""Drive me to <b><u>Harlem</b></u> or somewhere the same""",Harlem,"[ 40.81656408699853, -73.94716541811306 ]","{ ""type"": ""Feature"", ""properties"": { ""song"": ""Midnight Cruiser"", ""lyric"": ""Drive me to <b><u>Harlem</b></u> or somewhere the same"", ""artist"": ""Steely Dan"", ""year"": ""1972"", ""album"": ""Can't Buy a Thrill"", ""count"": 10, ""pic"": ""<img src='Steely_Can'tBuyAThrill.png' style='height:175px; display: block; margin-left: auto; margin-right: auto; border: 5px solid #555;'>"" }, ""geometry"": { ""type"": ""Point"", ""coordinates"":[ 40.81656408699853, -73.94716541811306 ] } },",40.81656409,-73.94716542
Steely Dan,Can't Buy a Thrill (1972),Reelin' In The Years,"""The trip we made to <b><u>Hollywood</b></u> is etched upon my mind""",Hollywood,"[ 34.09740323722119, -118.3344983769093 ]","{ ""type"": ""Feature"", ""properties"": { ""song"": ""Reelin' In The Years"", ""lyric"": ""The trip we made to <b><u>Hollywood</b></u> is etched upon my mind"", ""artist"": ""Steely Dan"", ""year"": ""1972"", ""album"": ""Can't Buy a Thrill"", ""count"": 10, ""pic"": ""<img src='Steely_Can'tBuyAThrill.png' style='height:175px; display: block; margin-left: auto; margin-right: auto; border: 5px solid #555;'>"" }, ""geometry"": { ""type"": ""Point"", ""coordinates"":[ 34.09740323722119, -118.3344983769093 ] } },",34.09740324,-118.3344984
Steely Dan,Can't Buy a Thrill (1972),Brooklyn (Owes The Charmer Under Me),"""<b><u>Brooklyn</b></u> owes the charmer under me""",Brooklyn,"[ 40.667785559640286, -73.94924531066219 ]","{ ""type"": ""Feature"", ""properties"": { ""song"": ""Brooklyn (Owes The Charmer Under Me)"", ""lyric"": ""<b><u>Brooklyn</b></u> owes the charmer under me"", ""artist"": ""Steely Dan"", ""year"": ""1972"", ""album"": ""Can't Buy a Thrill"", ""count"": 10, ""pic"": ""<img src='Steely_Can'tBuyAThrill.png' style='height:175px; display: block; margin-left: auto; margin-right: auto; border: 5px solid #555;'>"" }, ""geometry"": { ""type"": ""Point"", ""coordinates"":[ 40.667785559640286, -73.94924531066219 ] } },",40.66778556,-73.94924531
Steely Dan,Can't Buy a Thrill (1972),Turn That Heartbeat Over Again,"""Yeah, this highway runs from <b><u>Paraguay</b></u>""",Paraguay,"[ -23.518992688332165, -57.9742966124559 ]","{ ""type"": ""Feature"", ""properties"": { ""song"": ""Turn That Heartbeat Over Again"", ""lyric"": ""Yeah, this highway runs from <b><u>Paraguay</b></u>"", ""artist"": ""Steely Dan"", ""year"": ""1972"", ""album"": ""Can't Buy a Thrill"", ""count"": 10, ""pic"": ""<img src='Steely_Can'tBuyAThrill.png' style='height:175px; display: block; margin-left: auto; margin-right: auto; border: 5px solid #555;'>"" }, ""geometry"": { ""type"": ""Point"", ""coordinates"":[ -23.518992688332165, -57.9742966124559 ] } },",-23.51899269,-57.97429661
Steely Dan,Countdown To Ecstasy (1973),Bodhisattva,"""The shine of your <b><u>Japan</b></u>""",Japan,"[ 36.383610132630075, 138.52745966197338 ]","{ ""type"": ""Feature"", ""properties"": { ""song"": ""Bodhisattva"", ""lyric"": ""The shine of your <b><u>Japan</b></u>"", ""artist"": ""Steely Dan"", ""year"": ""1973"", ""album"": ""Countdown To Ecstasy"", ""count"": 10, ""pic"": ""<img src='Steely_CountdownToEcstasy.png' style='height:175px; display: block; margin-left: auto; margin-right: auto; border: 5px solid #555;'>"" }, ""geometry"": { ""type"": ""Point"", ""coordinates"":[ 36.383610132630075, 138.52745966197338 ] } },",36.38361013,138.5274597
Steely Dan,Countdown To Ecstasy (1973),The Boston Rag,"""Bring back the <b><u>Boston Rag</b></u>""",Boston,"[ 42.35736969102946, -71.0593877130755 ]","{ ""type"": ""Feature"", ""properties"": { ""song"": ""The Boston Rag"", ""lyric"": ""Bring back the <b><u>Boston Rag</b></u>"", ""artist"": ""Steely Dan"", ""year"": ""1973"", ""album"": ""Countdown To Ecstasy"", ""count"": 10, ""pic"": ""<img src='Steely_CountdownToEcstasy.png' style='height:175px; display: block; margin-left: auto; margin-right: auto; border: 5px solid #555;'>"" }, ""geometry"": { ""type"": ""Point"", ""coordinates"":[ 42.35736969102946, -71.0593877130755 ] } },",42.35736969,-71.05938771
Steely Dan,Countdown To Ecstasy (1973),Your Gold Teeth,"""Do you see how they roll tobacco they grow in <b><u>Peking</b></u>""",Beijing (Peking),"[ 39.90398349951826, 116.39329321861197 ]","{ ""type"": ""Feature"", ""properties"": { ""song"": ""Your Gold Teeth"", ""lyric"": ""Do you see how they roll tobacco they grow in <b><u>Peking</b></u>"", ""artist"": ""Steely Dan"", ""year"": ""1973"", ""album"": ""Countdown To Ecstasy"", ""count"": 10, ""pic"": ""<img src='Steely_CountdownToEcstasy.png' style='height:175px; display: block; margin-left: auto; margin-right: auto; border: 5px solid #555;'>"" }, ""geometry"": { ""type"": ""Point"", ""coordinates"":[ 39.90398349951826, 116.39329321861197 ] } },",39.9039835,116.3932932
Steely Dan,Countdown To Ecstasy (1973),Your Gold Teeth,"""There ain't nothing in <b><u>Chicago</b></u> for a monkey woman to do""",Chicago,"[ 41.87851194626637, -87.67446358433793 ]","{ ""type"": ""Feature"", ""properties"": { ""song"": ""Your Gold Teeth"", ""lyric"": ""There ain't nothing in <b><u>Chicago</b></u> for a monkey woman to do"", ""artist"": ""Steely Dan"", ""year"": ""1973"", ""album"": ""Countdown To Ecstasy"", ""count"": 10, ""pic"": ""<img src='Steely_CountdownToEcstasy.png' style='height:175px; display: block; margin-left: auto; margin-right: auto; border: 5px solid #555;'>"" }, ""geometry"": { ""type"": ""Point"", ""coordinates"":[ 41.87851194626637, -87.67446358433793 ] } },",41.87851195,-87.67446358
Steely Dan,Countdown To Ecstasy (1973),Show Biz Kids,"""After closing time at the <b><u>Guernsey</b></u> fair, I detect the El Supremo from the room at the top of the stairs""","Guernsey County Fairgrounds, OH","[ 40.036710526026894, -81.4335250006067 ]","{ ""type"": ""Feature"", ""properties"": { ""song"": ""Show Biz Kids"", ""lyric"": ""After closing time at the <b><u>Guernsey</b></u> fair, I detect the El Supremo from the room at the top of the stairs"", ""artist"": ""Steely Dan"", ""year"": ""1973"", ""album"": ""Countdown To Ecstasy"", ""count"": 10, ""pic"": ""<img src='Steely_CountdownToEcstasy.png' style='height:175px; display: block; margin-left: auto; margin-right: auto; border: 5px solid #555;'>"" }, ""geometry"": { ""type"": ""Point"", ""coordinates"":[ 40.036710526026894, -81.4335250006067 ] } },",40.03671053,-81.433525
Steely Dan,Countdown To Ecstasy (1973),Show Biz Kids,"""Well I've been around the world and I've been in the <b><u>Washington Zoo</b></u>""",Smithsonian National Zoological Park,"[ 38.92988899750066, -77.0499372323375 ]","{ ""type"": ""Feature"", ""properties"": { ""song"": ""Show Biz Kids"", ""lyric"": ""Well I've been around the world and I've been in the <b><u>Washington Zoo</b></u>"", ""artist"": ""Steely Dan"", ""year"": ""1973"", ""album"": ""Countdown To Ecstasy"", ""count"": 10, ""pic"": ""<img src='Steely_CountdownToEcstasy.png' style='height:175px; display: block; margin-left: auto; margin-right: auto; border: 5px solid #555;'>"" }, ""geometry"": { ""type"": ""Point"", ""coordinates"":[ 38.92988899750066, -77.0499372323375 ] } },",38.929889,-77.04993723
Steely Dan,Countdown To Ecstasy (1973),My Old School,"""I remember the 35 sweet goodbyes when you put me on the Wolverine up to <b><u>Annandale</b></u>""","Annandale-on-Hudson, New York","[ 42.02322836050686, -73.9109316601431 ]","{ ""type"": ""Feature"", ""properties"": { ""song"": ""My Old School"", ""lyric"": ""I remember the 35 sweet goodbyes when you put me on the Wolverine up to <b><u>Annandale</b></u>"", ""artist"": ""Steely Dan"", ""year"": ""1973"", ""album"": ""Countdown To Ecstasy"", ""count"": 10, ""pic"": ""<img src='Steely_CountdownToEcstasy.png' style='height:175px; display: block; margin-left: auto; margin-right: auto; border: 5px solid #555;'>"" }, ""geometry"": { ""type"": ""Point"", ""coordinates"":[ 42.02322836050686, -73.9109316601431 ] } },",42.02322836,-73.91093166
Steely Dan,Countdown To Ecstasy (1973),My Old School,"""I'm gonna take her down to <b><u>Mexico</b></u>""",Mexico,"[ 23.320377195343994, -102.39175458873228 ]","{ ""type"": ""Feature"", ""properties"": { ""song"": ""My Old School"", ""lyric"": ""I'm gonna take her down to <b><u>Mexico</b></u>"", ""artist"": ""Steely Dan"", ""year"": ""1973"", ""album"": ""Countdown To Ecstasy"", ""count"": 10, ""pic"": ""<img src='Steely_CountdownToEcstasy.png' style='height:175px; display: block; margin-left: auto; margin-right: auto; border: 5px solid #555;'>"" }, ""geometry"": { ""type"": ""Point"", ""coordinates"":[ 23.320377195343994, -102.39175458873228 ] } },",23.3203772,-102.3917546
Steely Dan,Countdown To Ecstasy (1973),My Old School,"""She said, whoa, no, <b><u>Guadalajara</b></u> won't do, now""",Guadalajara,"[ 20.67009113554218, -103.34420029690428 ]","{ ""type"": ""Feature"", ""properties"": { ""song"": ""My Old School"", ""lyric"": ""She said, whoa, no, <b><u>Guadalajara</b></u> won't do, now"", ""artist"": ""Steely Dan"", ""year"": ""1973"", ""album"": ""Countdown To Ecstasy"", ""count"": 10, ""pic"": ""<img src='Steely_CountdownToEcstasy.png' style='height:175px; display: block; margin-left: auto; margin-right: auto; border: 5px solid #555;'>"" }, ""geometry"": { ""type"": ""Point"", ""coordinates"":[ 20.67009113554218, -103.34420029690428 ] } },",20.67009114,-103.3442003
Steely Dan,Countdown To Ecstasy (1973),My Old School,"""<b><u>California</b></u> tumbles into the sea""",California,"[ 37.53508750610774, -120.26037484512065 ]","{ ""type"": ""Feature"", ""properties"": { ""song"": ""My Old School"", ""lyric"": ""<b><u>California</b></u> tumbles into the sea"", ""artist"": ""Steely Dan"", ""year"": ""1973"", ""album"": ""Countdown To Ecstasy"", ""count"": 10, ""pic"": ""<img src='Steely_CountdownToEcstasy.png' style='height:175px; display: block; margin-left: auto; margin-right: auto; border: 5px solid #555;'>"" }, ""geometry"": { ""type"": ""Point"", ""coordinates"":[ 37.53508750610774, -120.26037484512065 ] } },",37.53508751,-120.2603748
Steely Dan,Countdown To Ecstasy (1973),Pearl Of The Quarter,"""On the water down in <b><u>New Orleans</b></u>""",New Orleans,"[ 29.974430767562932, -90.05900294237034 ]","{ ""type"": ""Feature"", ""properties"": { ""song"": ""Pearl Of The Quarter"", ""lyric"": ""On the water down in <b><u>New Orleans</b></u>"", ""artist"": ""Steely Dan"", ""year"": ""1973"", ""album"": ""Countdown To Ecstasy"", ""count"": 10, ""pic"": ""<img src='Steely_CountdownToEcstasy.png' style='height:175px; display: block; margin-left: auto; margin-right: auto; border: 5px solid #555;'>"" }, ""geometry"": { ""type"": ""Point"", ""coordinates"":[ 29.974430767562932, -90.05900294237034 ] } },",29.97443077,-90.05900294
Steely Dan,Countdown To Ecstasy (1973),King Of The World,"""Any man left on the <b><u>Rio Grande</b></u> is the king of the world as far as I know""",Rio Grande,"[ 29.519336096600867, -101.25198099895634 ]","{ ""type"": ""Feature"", ""properties"": { ""song"": ""King Of The World"", ""lyric"": ""Any man left on the <b><u>Rio Grande</b></u> is the king of the world as far as I know"", ""artist"": ""Steely Dan"", ""year"": ""1973"", ""album"": ""Countdown To Ecstasy"", ""count"": 10, ""pic"": ""<img src='Steely_CountdownToEcstasy.png' style='height:175px; display: block; margin-left: auto; margin-right: auto; border: 5px solid #555;'>"" }, ""geometry"": { ""type"": ""Point"", ""coordinates"":[ 29.519336096600867, -101.25198099895634 ] } },",29.5193361,-101.251981
Steely Dan,Countdown To Ecstasy (1973),King Of The World,"""You and I will spend this day driving in my car through the ruins of <b><u>Santa Fe</b></u>""",Santa Fe,"[ 35.67158873691418, -105.9517967309188 ]","{ ""type"": ""Feature"", ""properties"": { ""song"": ""King Of The World"", ""lyric"": ""You and I will spend this day driving in my car through the ruins of <b><u>Santa Fe</b></u>"", ""artist"": ""Steely Dan"", ""year"": ""1973"", ""album"": ""Countdown To Ecstasy"", ""count"": 10, ""pic"": ""<img src='Steely_CountdownToEcstasy.png' style='height:175px; display: block; margin-left: auto; margin-right: auto; border: 5px solid #555;'>"" }, ""geometry"": { ""type"": ""Point"", ""coordinates"":[ 35.67158873691418, -105.9517967309188 ] } },",35.67158874,-105.9517967
Steely Dan,Pretzel Logic (1974),Barrytown,"""But over there in <b><u>Barrytown</b></u> they do things very strange""","Barrytown, New York","[ 41.99952588303772, -73.92482456493869 ]","{ ""type"": ""Feature"", ""properties"": { ""song"": ""Barrytown"", ""lyric"": ""But over there in <b><u>Barrytown</b></u> they do things very strange"", ""artist"": ""Steely Dan"", ""year"": ""1974"", ""album"": ""Pretzel Logic"", ""count"": 10, ""pic"": ""<img src='Steely_PretzelLogic.png' style='height:175px; display: block; margin-left: auto; margin-right: auto; border: 5px solid #555;'>"" }, ""geometry"": { ""type"": ""Point"", ""coordinates"":[ 41.99952588303772, -73.92482456493869 ] } },",41.99952588,-73.92482456
Steely Dan,Pretzel Logic (1974),East St. Louis Toodle-Oo,"""wah wah wahooahhhhh, WaH Wahp!""",East St. Louis,"[ 38.62231219658293, -90.15240567375557 ]","{ ""type"": ""Feature"", ""properties"": { ""song"": ""East St. Louis Toodle-Oo"", ""lyric"": ""wah wah wahooahhhhh, WaH Wahp!"", ""artist"": ""Steely Dan"", ""year"": ""1974"", ""album"": ""Pretzel Logic"", ""count"": 10, ""pic"": ""<img src='Steely_PretzelLogic.png' style='height:175px; display: block; margin-left: auto; margin-right: auto; border: 5px solid #555;'>"" }, ""geometry"": { ""type"": ""Point"", ""coordinates"":[ 38.62231219658293, -90.15240567375557 ] } },",38.6223122,-90.15240567
Steely Dan,Pretzel Logic (1974),Parker's Band,"""<b><u>Kansas City</b></u> born and growing, you won't believe what the boys are blowing""",Kansas City,"[ 39.106447792994445, -94.59956401789785 ]","{ ""type"": ""Feature"", ""properties"": { ""song"": ""Parker's Band"", ""lyric"": ""<b><u>Kansas City</b></u> born and growing, you won't believe what the boys are blowing"", ""artist"": ""Steely Dan"", ""year"": ""1974"", ""album"": ""Pretzel Logic"", ""count"": 10, ""pic"": ""<img src='Steely_PretzelLogic.png' style='height:175px; display: block; margin-left: auto; margin-right: auto; border: 5px solid #555;'>"" }, ""geometry"": { ""type"": ""Point"", ""coordinates"":[ 39.106447792994445, -94.59956401789785 ] } },",39.10644779,-94.59956402
Steely Dan,Pretzel Logic (1974),Parker's Band,"""You'll be grooving high or relaxin' at <b><u>Camarillo</b></u>""","Camarillo, CA","[ 34.223729066283006, -119.04457249844145 ]","{ ""type"": ""Feature"", ""properties"": { ""song"": ""Parker's Band"", ""lyric"": ""You'll be grooving high or relaxin' at <b><u>Camarillo</b></u>"", ""artist"": ""Steely Dan"", ""year"": ""1974"", ""album"": ""Pretzel Logic"", ""count"": 10, ""pic"": ""<img src='Steely_PretzelLogic.png' style='height:175px; display: block; margin-left: auto; margin-right: auto; border: 5px solid #555;'>"" }, ""geometry"": { ""type"": ""Point"", ""coordinates"":[ 34.223729066283006, -119.04457249844145 ] } },",34.22372907,-119.0445725
Steely Dan,Pretzel Logic (1974),Parker's Band,"""Either way you're bound to function. <b><u>Fifty Second Street's</b></u> the junction.",52 St. NYC (Onyx Club),"[ 40.63690897930561, -73.9997384879086 ]","{ ""type"": ""Feature"", ""properties"": { ""song"": ""Parker's Band"", ""lyric"": ""Either way you're bound to function. <b><u>Fifty Second Street's</b></u> the junction"", ""artist"": ""Steely Dan"", ""year"": ""1974"", ""album"": ""Pretzel Logic"", ""count"": 10, ""pic"": ""<img src='Steely_PretzelLogic.png' style='height:175px; display: block; margin-left: auto; margin-right: auto; border: 5px solid #555;'>"" }, ""geometry"": { ""type"": ""Point"", ""coordinates"":[ 40.63690897930561, -73.9997384879086 ] } },",40.63690898,-73.99973849
Steely Dan,Katy Lied (1975),Black Friday,"""When Black Friday comes I'll fly down to <b><u>Muswellbrook</b></u>""",Muswellbrook Australia,"[ -32.270739892083874, 150.88903262993205 ]","{ ""type"": ""Feature"", ""properties"": { ""song"": ""Black Friday"", ""lyric"": ""When Black Friday comes I'll fly down to <b><u>Muswellbrook</b></u>"", ""artist"": ""Steely Dan"", ""year"": ""1975"", ""album"": ""Katy Lied"", ""count"": 10, ""pic"": ""<img src='Steely_KatyLied.png' style='height:175px; display: block; margin-left: auto; margin-right: auto; border: 5px solid #555;'>"" }, ""geometry"": { ""type"": ""Point"", ""coordinates"":[ -32.270739892083874, 150.88903262993205 ] } },",-32.27073989,150.8890326
Steely Dan,Katy Lied (1975),Bad Sneakers,"""And that fearsom excavation on <b><u>Magnolia Boulevard</b></u>""",Magnolia Boulevard CA,"[ 34.164860794252434, -118.41928252628473 ]","{ ""type"": ""Feature"", ""properties"": { ""song"": ""Bad Sneakers"", ""lyric"": ""And that fearsom excavation on <b><u>Magnolia Boulevard</b></u>"", ""artist"": ""Steely Dan"", ""year"": ""1975"", ""album"": ""Katy Lied"", ""count"": 10, ""pic"": ""<img src='Steely_KatyLied.png' style='height:175px; display: block; margin-left: auto; margin-right: auto; border: 5px solid #555;'>"" }, ""geometry"": { ""type"": ""Point"", ""coordinates"":[ 34.164860794252434, -118.41928252628473 ] } },",34.16486079,-118.4192825
Steely Dan,Katy Lied (1975),Bad Sneakers,"""Stomping on the avenue by <b><u>Radio City</b></u> with a transistor and a large sum of money to spend""",Radio City Music Hall,"[ 40.75997312562853, -73.97995708938262 ]","{ ""type"": ""Feature"", ""properties"": { ""song"": ""Bad Sneakers"", ""lyric"": ""Stomping on the avenue by <b><u>Radio City</b></u> with a transistor and a large sum of money to spend"", ""artist"": ""Steely Dan"", ""year"": ""1975"", ""album"": ""Katy Lied"", ""count"": 10, ""pic"": ""<img src='Steely_KatyLied.png' style='height:175px; display: block; margin-left: auto; margin-right: auto; border: 5px solid #555;'>"" }, ""geometry"": { ""type"": ""Point"", ""coordinates"":[ 40.75997312562853, -73.97995708938262 ] } },",40.75997313,-73.97995709
Steely Dan,Katy Lied (1975),Rose Darling,"""I would guess she's in <b><u>Detroit</b></u> with lots of money in the bank""",Detroit,"[ 42.34423922611082, -83.0585925653206 ]","{ ""type"": ""Feature"", ""properties"": { ""song"": ""Rose Darling"", ""lyric"": ""I would guess she's in <b><u>Detroit</b></u> with lots of money in the bank"", ""artist"": ""Steely Dan"", ""year"": ""1975"", ""album"": ""Katy Lied"", ""count"": 10, ""pic"": ""<img src='Steely_KatyLied.png' style='height:175px; display: block; margin-left: auto; margin-right: auto; border: 5px solid #555;'>"" }, ""geometry"": { ""type"": ""Point"", ""coordinates"":[ 42.34423922611082, -83.0585925653206 ] } },",42.34423923,-83.05859257
Steely Dan,Katy Lied (1975),Daddy Don't Live In That New York City No More,"""Daddy, don't live in that <b><u>New York City</b></u> no more""",NYC,"[ 40.74856727390679, -73.9859045719568 ]","{ ""type"": ""Feature"", ""properties"": { ""song"": ""Daddy Don't Live In That New York City No More"", ""lyric"": ""Daddy, don't live in that <b><u>New York City</b></u> no more"", ""artist"": ""Steely Dan"", ""year"": ""1975"", ""album"": ""Katy Lied"", ""count"": 10, ""pic"": ""<img src='Steely_KatyLied.png' style='height:175px; display: block; margin-left: auto; margin-right: auto; border: 5px solid #555;'>"" }, ""geometry"": { ""type"": ""Point"", ""coordinates"":[ 40.74856727390679, -73.9859045719568 ] } },",40.74856727,-73.98590457
Steely Dan,Katy Lied (1975),Daddy Don't Live In That New York City No More,"""Driving like a fool out to <b><u>Hackensack</b></u>, drinking his dinner from a paper sack""","Hackensack, New Jersey","[ 40.88529135079946, -74.04475414724241 ]","{ ""type"": ""Feature"", ""properties"": { ""song"": ""Daddy Don't Live In That New York City No More"", ""lyric"": ""Driving like a fool out to <b><u>Hackensack</b></u>, drinking his dinner from a paper sack"", ""artist"": ""Steely Dan"", ""year"": ""1975"", ""album"": ""Katy Lied"", ""count"": 10, ""pic"": ""<img src='Steely_KatyLied.png' style='height:175px; display: block; margin-left: auto; margin-right: auto; border: 5px solid #555;'>"" }, ""geometry"": { ""type"": ""Point"", ""coordinates"":[ 40.88529135079946, -74.04475414724241 ] } },",40.88529135,-74.04475415
Steely Dan,Katy Lied (1975),Doctor Wu,"""<b><u>Biscayne Bay</b></u>, where the Cuban gentlemen sleep all day""","Biscayne Bay, FL","[ 25.82793185864883, -80.15032805661117 ]","{ ""type"": ""Feature"", ""properties"": { ""song"": ""Doctor Wu"", ""lyric"": ""<b><u>Biscayne Bay</b></u>, where the Cuban gentlemen sleep all day"", ""artist"": ""Steely Dan"", ""year"": ""1975"", ""album"": ""Katy Lied"", ""count"": 10, ""pic"": ""<img src='Steely_KatyLied.png' style='height:175px; display: block; margin-left: auto; margin-right: auto; border: 5px solid #555;'>"" }, ""geometry"": { ""type"": ""Point"", ""coordinates"":[ 25.82793185864883, -80.15032805661117 ] } },",25.82793186,-80.15032806
Steely Dan,The Royal Scam (1976),Kid Charlemagne,"""Those <b><u>San Francisco</b></u> nights. You were the best in town""",San Francisco,"[ 37.756973517610476, -122.44551569706088 ]","{ ""type"": ""Feature"", ""properties"": { ""song"": ""Kid Charlemagne"", ""lyric"": ""Those <b><u>San Francisco</b></u> nights. You were the best in town"", ""artist"": ""Steely Dan"", ""year"": ""1976"", ""album"": ""The Royal Scam"", ""count"": 10, ""pic"": ""<img src='Steely_TheRoyalScam.png' style='height:175px; display: block; margin-left: auto; margin-right: auto; border: 5px solid #555;'>"" }, ""geometry"": { ""type"": ""Point"", ""coordinates"":[ 37.756973517610476, -122.44551569706088 ] } },",37.75697352,-122.4455157
Steely Dan,The Royal Scam (1976),Kid Charlemagne,"""You'd go to <b><u>L.A.</b></u> on a dare and you'd go it alone""",LA,"[ 34.07445256692727, -118.24915657428124 ]","{ ""type"": ""Feature"", ""properties"": { ""song"": ""Kid Charlemagne"", ""lyric"": ""You'd go to <b><u>L.A.</b></u> on a dare and you'd go it alone"", ""artist"": ""Steely Dan"", ""year"": ""1976"", ""album"": ""The Royal Scam"", ""count"": 10, ""pic"": ""<img src='Steely_TheRoyalScam.png' style='height:175px; display: block; margin-left: auto; margin-right: auto; border: 5px solid #555;'>"" }, ""geometry"": { ""type"": ""Point"", ""coordinates"":[ 34.07445256692727, -118.24915657428124 ] } },",34.07445257,-118.2491566
Steely Dan,The Royal Scam (1976),The Caves Of Altamira,"""On the stone an ancient hand in a faded yellow-green made alive a worldly wonder""",Caves of Altamira,"[ 43.377615226518145, -4.123039423781005 ]","{ ""type"": ""Feature"", ""properties"": { ""song"": ""The Caves Of Altamira"", ""lyric"": ""On the stone an ancient hand in a faded yellow-green made alive a worldly wonder"", ""artist"": ""Steely Dan"", ""year"": ""1976"", ""album"": ""The Royal Scam"", ""count"": 10, ""pic"": ""<img src='Steely_TheRoyalScam.png' style='height:175px; display: block; margin-left: auto; margin-right: auto; border: 5px solid #555;'>"" }, ""geometry"": { ""type"": ""Point"", ""coordinates"":[ 43.377615226518145, -4.123039423781005 ] } },",43.37761523,-4.123039424
Steely Dan,The Royal Scam (1976),The Caves Of Altamira,"""When there wasn't even any <b><u>Hollywood</b></u>""",Hollywood,"[ 34.08880390401025, -118.31438921637128 ]","{ ""type"": ""Feature"", ""properties"": { ""song"": ""The Caves Of Altamira"", ""lyric"": ""When there wasn't even any <b><u>Hollywood</b></u>"", ""artist"": ""Steely Dan"", ""year"": ""1976"", ""album"": ""The Royal Scam"", ""count"": 10, ""pic"": ""<img src='Steely_TheRoyalScam.png' style='height:175px; display: block; margin-left: auto; margin-right: auto; border: 5px solid #555;'>"" }, ""geometry"": { ""type"": ""Point"", ""coordinates"":[ 34.08880390401025, -118.31438921637128 ] } },",34.0888039,-118.3143892
Steely Dan,The Royal Scam (1976),Don't Take Me Alive,"""Well, I crossed my old man back in <b><u>Oregon</b></u>""",Oregon,"[ 43.988872371571084, -120.6517053062694 ]","{ ""type"": ""Feature"", ""properties"": { ""song"": ""Don't Take Me Alive"", ""lyric"": ""Well, I crossed my old man back in <b><u>Oregon</b></u>"", ""artist"": ""Steely Dan"", ""year"": ""1976"", ""album"": ""The Royal Scam"", ""count"": 10, ""pic"": ""<img src='Steely_TheRoyalScam.png' style='height:175px; display: block; margin-left: auto; margin-right: auto; border: 5px solid #555;'>"" }, ""geometry"": { ""type"": ""Point"", ""coordinates"":[ 43.988872371571084, -120.6517053062694 ] } },",43.98887237,-120.6517053
Steely Dan,The Royal Scam (1976),Haitian Divorce,"""Oh, congratulations, this is your <b><u>Haitian</b></u> divorce""",Haiti,"[ 18.635607231468107, -72.29333931655626 ]","{ ""type"": ""Feature"", ""properties"": { ""song"": ""Haitian Divorce"", ""lyric"": ""Oh, congratulations, this is your <b><u>Haitian</b></u> divorce"", ""artist"": ""Steely Dan"", ""year"": ""1976"", ""album"": ""The Royal Scam"", ""count"": 10, ""pic"": ""<img src='Steely_TheRoyalScam.png' style='height:175px; display: block; margin-left: auto; margin-right: auto; border: 5px solid #555;'>"" }, ""geometry"": { ""type"": ""Point"", ""coordinates"":[ 18.635607231468107, -72.29333931655626 ] } },",18.63560723,-72.29333932
Steely Dan,The Royal Scam (1976),The Royal Scam,"""And they wandered in from the city of <b><u>St. John</b></u>""",San Juan,"[ 18.414303807205634, -66.06013262129298 ]","{ ""type"": ""Feature"", ""properties"": { ""song"": ""The Royal Scam"", ""lyric"": ""And they wandered in from the city of <b><u>St. John</b></u>"", ""artist"": ""Steely Dan"", ""year"": ""1976"", ""album"": ""The Royal Scam"", ""count"": 10, ""pic"": ""<img src='Steely_TheRoyalScam.png' style='height:175px; display: block; margin-left: auto; margin-right: auto; border: 5px solid #555;'>"" }, ""geometry"": { ""type"": ""Point"", ""coordinates"":[ 18.414303807205634, -66.06013262129298 ] } },",18.41430381,-66.06013262
Steely Dan,The Royal Scam (1976),The Royal Scam,"""To <b><u>New York City</b></u> did they ride into the street""",NYC,"[ 40.61610939364222, -74.09298893927613 ]","{ ""type"": ""Feature"", ""properties"": { ""song"": ""The Royal Scam"", ""lyric"": ""To <b><u>New York City</b></u> did they ride into the street"", ""artist"": ""Steely Dan"", ""year"": ""1976"", ""album"": ""The Royal Scam"", ""count"": 10, ""pic"": ""<img src='Steely_TheRoyalScam.png' style='height:175px; display: block; margin-left: auto; margin-right: auto; border: 5px solid #555;'>"" }, ""geometry"": { ""type"": ""Point"", ""coordinates"":[ 40.61610939364222, -74.09298893927613 ] } },",40.61610939,-74.09298894
Steely Dan,Aja (1977),Deacon Blues,"""They call <b><u>Alabama</b></u> the Crimson Tide. Call me Deacon Blues""",Alabama,"[ 33.09334871567647, -86.73902123730956 ]","{ ""type"": ""Feature"", ""properties"": { ""song"": ""Deacon Blues"", ""lyric"": ""They call <b><u>Alabama</b></u> the Crimson Tide. Call me Deacon Blues"", ""artist"": ""Steely Dan"", ""year"": ""1977"", ""album"": ""Aja"", ""count"": 10, ""pic"": ""<img src='Steely_Aja.png' style='height:175px; display: block; margin-left: auto; margin-right: auto; border: 5px solid #555;'>"" }, ""geometry"": { ""type"": ""Point"", ""coordinates"":[ 33.09334871567647, -86.73902123730956 ] } },",33.09334872,-86.73902124
Steely Dan,Gaucho (1980),Babylon Sisters,"""<b><u>Babylon</b></u> sisters shake it""",Babylon,"[ 32.569543330583656, 44.42344328080909 ]","{ ""type"": ""Feature"", ""properties"": { ""song"": ""Babylon Sisters"", ""lyric"": ""<b><u>Babylon</b></u> sisters shake it"", ""artist"": ""Steely Dan"", ""year"": ""1980"", ""album"": ""Gaucho"", ""count"": 10, ""pic"": ""<img src='Steely_Gaucho.png' style='height:175px; display: block; margin-left: auto; margin-right: auto; border: 5px solid #555;'>"" }, ""geometry"": { ""type"": ""Point"", ""coordinates"":[ 32.569543330583656, 44.42344328080909 ] } },",32.56954333,44.42344328
Steely Dan,Gaucho (1980),Babylon Sisters,"""Here comes those <b><u>Santa Ana</b></u> winds again""","Santa Ana, CA","[ 33.7435484098323, -117.87159353554306 ]","{ ""type"": ""Feature"", ""properties"": { ""song"": ""Babylon Sisters"", ""lyric"": ""Here comes those <b><u>Santa Ana</b></u> winds again"", ""artist"": ""Steely Dan"", ""year"": ""1980"", ""album"": ""Gaucho"", ""count"": 10, ""pic"": ""<img src='Steely_Gaucho.png' style='height:175px; display: block; margin-left: auto; margin-right: auto; border: 5px solid #555;'>"" }, ""geometry"": { ""type"": ""Point"", ""coordinates"":[ 33.7435484098323, -117.87159353554306 ] } },",33.74354841,-117.8715935
Steely Dan,Gaucho (1980),Babylon Sisters,"""Drink kirschwasser from a shell. <b><u>San Francisco</b></u> show and tell""",San Francisco,"[ 37.78427036173337, -122.4476124588523 ]","{ ""type"": ""Feature"", ""properties"": { ""song"": ""Babylon Sisters"", ""lyric"": ""Drink kirschwasser from a shell. <b><u>San Francisco</b></u> show and tell"", ""artist"": ""Steely Dan"", ""year"": ""1980"", ""album"": ""Gaucho"", ""count"": 10, ""pic"": ""<img src='Steely_Gaucho.png' style='height:175px; display: block; margin-left: auto; margin-right: auto; border: 5px solid #555;'>"" }, ""geometry"": { ""type"": ""Point"", ""coordinates"":[ 37.78427036173337, -122.4476124588523 ] } },",37.78427036,-122.4476125
Steely Dan,Gaucho (1980),Hey Nineteen,"""Sweet things from <b><u>Boston</b></u>. So young and willing""",Boston,"[ 42.33804092208967, -71.07240737724942 ]","{ ""type"": ""Feature"", ""properties"": { ""song"": ""Hey Nineteen"", ""lyric"": ""Sweet things from <b><u>Boston</b></u>. So young and willing"", ""artist"": ""Steely Dan"", ""year"": ""1980"", ""album"": ""Gaucho"", ""count"": 10, ""pic"": ""<img src='Steely_Gaucho.png' style='height:175px; display: block; margin-left: auto; margin-right: auto; border: 5px solid #555;'>"" }, ""geometry"": { ""type"": ""Point"", ""coordinates"":[ 42.33804092208967, -71.07240737724942 ] } },",42.33804092,-71.07240738
Steely Dan,Gaucho (1980),Hey Nineteen,"""Moved down to <b><u>Scarsdale</b></u>. Where the hell am I?""",Scarsdale NY,"[ 41.002273062044, -73.78562519385324 ]","{ ""type"": ""Feature"", ""properties"": { ""song"": ""Hey Nineteen"", ""lyric"": ""Moved down to <b><u>Scarsdale</b></u>. Where the hell am I?"", ""artist"": ""Steely Dan"", ""year"": ""1980"", ""album"": ""Gaucho"", ""count"": 10, ""pic"": ""<img src='Steely_Gaucho.png' style='height:175px; display: block; margin-left: auto; margin-right: auto; border: 5px solid #555;'>"" }, ""geometry"": { ""type"": ""Point"", ""coordinates"":[ 41.002273062044, -73.78562519385324 ] } },",41.00227306,-73.78562519
Steely Dan,Gaucho (1980),Glamour Profession,"""It's a glamour profession. The <b><u>L.A.</b></u> concession""",LA,"[ 34.04030559410922, -118.2533602177086 ]","{ ""type"": ""Feature"", ""properties"": { ""song"": ""Glamour Profession"", ""lyric"": ""It's a glamour profession. The <b><u>L.A.</b></u> concession"", ""artist"": ""Steely Dan"", ""year"": ""1980"", ""album"": ""Gaucho"", ""count"": 10, ""pic"": ""<img src='Steely_Gaucho.png' style='height:175px; display: block; margin-left: auto; margin-right: auto; border: 5px solid #555;'>"" }, ""geometry"": { ""type"": ""Point"", ""coordinates"":[ 34.04030559410922, -118.2533602177086 ] } },",34.04030559,-118.2533602
Steely Dan,Gaucho (1980),Glamour Profession,"""All aboard the Carib Cannibal. Off to <b><u>Barbados</b></u> just for the ride.""",Barbados,"[ 13.163867466070856, -59.56153883008117 ]","{ ""type"": ""Feature"", ""properties"": { ""song"": ""Glamour Profession"", ""lyric"": ""All aboard the Carib Cannibal. Off to <b><u>Barbados</b></u> just for the ride"", ""artist"": ""Steely Dan"", ""year"": ""1980"", ""album"": ""Gaucho"", ""count"": 10, ""pic"": ""<img src='Steely_Gaucho.png' style='height:175px; display: block; margin-left: auto; margin-right: auto; border: 5px solid #555;'>"" }, ""geometry"": { ""type"": ""Point"", ""coordinates"":[ 13.163867466070856, -59.56153883008117 ] } },",13.16386747,-59.56153883
Steely Dan,Gaucho (1980),Glamour Profession,"""<b><u>Hollywood</b></u>, I know your middle name""",Hollywood,"[ 34.09492583732038, -118.32156538970078 ]","{ ""type"": ""Feature"", ""properties"": { ""song"": ""Glamour Profession"", ""lyric"": ""<b><u>Hollywood</b></u>, I know your middle name"", ""artist"": ""Steely Dan"", ""year"": ""1980"", ""album"": ""Gaucho"", ""count"": 10, ""pic"": ""<img src='Steely_Gaucho.png' style='height:175px; display: block; margin-left: auto; margin-right: auto; border: 5px solid #555;'>"" }, ""geometry"": { ""type"": ""Point"", ""coordinates"":[ 34.09492583732038, -118.32156538970078 ] } },",34.09492584,-118.3215654
Steely Dan,Gaucho (1980),Glamour Profession,"""Jive Miguel, he's in from <b><u>Bogota</b></u>""",Bogota,"[ 4.7032939803754665, -74.07397645943514 ]","{ ""type"": ""Feature"", ""properties"": { ""song"": ""Glamour Profession"", ""lyric"": ""Jive Miguel, he's in from <b><u>Bogota</b></u>"", ""artist"": ""Steely Dan"", ""year"": ""1980"", ""album"": ""Gaucho"", ""count"": 10, ""pic"": ""<img src='Steely_Gaucho.png' style='height:175px; display: block; margin-left: auto; margin-right: auto; border: 5px solid #555;'>"" }, ""geometry"": { ""type"": ""Point"", ""coordinates"":[ 4.7032939803754665, -74.07397645943514 ] } },",4.70329398,-74.07397646
Steely Dan,Gaucho (1980),Time Out Of Mind,"""It's direct from <b><u>Lhasa</b></u>, where people are rolling in the snow""","Lhasa, China","[ 29.64761495516237, 91.11330514088732 ]","{ ""type"": ""Feature"", ""properties"": { ""song"": ""Time Out Of Mind"", ""lyric"": ""It's direct from <b><u>Lhasa</b></u>, where people are rolling in the snow"", ""artist"": ""Steely Dan"", ""year"": ""1980"", ""album"": ""Gaucho"", ""count"": 10, ""pic"": ""<img src='Steely_Gaucho.png' style='height:175px; display: block; margin-left: auto; margin-right: auto; border: 5px solid #555;'>"" }, ""geometry"": { ""type"": ""Point"", ""coordinates"":[ 29.64761495516237, 91.11330514088732 ] } },",29.64761496,91.11330514
Steely Dan,Gaucho (1980),Third World Man,"""I just sing that <b><u>Ghana</b></u> rondo. E l'era del terzo mondo""",Ghana,"[ 7.787345627462776, -1.1887723248609503 ]","{ ""type"": ""Feature"", ""properties"": { ""song"": ""Third World Man"", ""lyric"": ""I just sing that <b><u>Ghana</b></u> rondo. E l'era del terzo mondo"", ""artist"": ""Steely Dan"", ""year"": ""1980"", ""album"": ""Gaucho"", ""count"": 10, ""pic"": ""<img src='Steely_Gaucho.png' style='height:175px; display: block; margin-left: auto; margin-right: auto; border: 5px solid #555;'>"" }, ""geometry"": { ""type"": ""Point"", ""coordinates"":[ 7.787345627462776, -1.1887723248609503 ] } },",7.787345627,-1.188772325
Steely Dan,Two Against Nature (2000),What A Shame About Me,"""Stackin' cutouts at the Strand, when in walks Franny from <b><u>NYU</b></u>""",NYU,"[ 40.72949431620145, -73.99650228688193 ]","{ ""type"": ""Feature"", ""properties"": { ""song"": ""What A Shame About Me"", ""lyric"": ""Stackin' cutouts at the Strand, when in walks Franny from <b><u>NYU</b></u>"", ""artist"": ""Steely Dan"", ""year"": ""2000"", ""album"": ""Two Against Nature"", ""count"": 10, ""pic"": ""<img src='Steely_TwoAgainstNature.png' style='height:175px; display: block; margin-left: auto; margin-right: auto; border: 5px solid #555;'>"" }, ""geometry"": { ""type"": ""Point"", ""coordinates"":[ 40.72949431620145, -73.99650228688193 ] } },",40.72949432,-73.99650229
Steely Dan,Two Against Nature (2000),What A Shame About Me,"""She said, yeah, <b><u>Hollywood's</b></u> been good to me""",Hollywood,"[ 34.09909932858699, -118.35146150239 ]","{ ""type"": ""Feature"", ""properties"": { ""song"": ""What A Shame About Me"", ""lyric"": ""She said, yeah, <b><u>Hollywood's</b></u> been good to me"", ""artist"": ""Steely Dan"", ""year"": ""2000"", ""album"": ""Two Against Nature"", ""count"": 10, ""pic"": ""<img src='Steely_TwoAgainstNature.png' style='height:175px; display: block; margin-left: auto; margin-right: auto; border: 5px solid #555;'>"" }, ""geometry"": { ""type"": ""Point"", ""coordinates"":[ 34.09909932858699, -118.35146150239 ] } },",34.09909933,-118.3514615
Steely Dan,Two Against Nature (2000),Janie Runaway,"""You hopped a bus for <b><u>NYC</b></u>""",NYC,"[ 40.70716025614142, -73.80152490821622 ]","{ ""type"": ""Feature"", ""properties"": { ""song"": ""Janie Runaway"", ""lyric"": ""You hopped a bus for <b><u>NYC</b></u>"", ""artist"": ""Steely Dan"", ""year"": ""2000"", ""album"": ""Two Against Nature"", ""count"": 10, ""pic"": ""<img src='Steely_TwoAgainstNature.png' style='height:175px; display: block; margin-left: auto; margin-right: auto; border: 5px solid #555;'>"" }, ""geometry"": { ""type"": ""Point"", ""coordinates"":[ 40.70716025614142, -73.80152490821622 ] } },",40.70716026,-73.80152491
Steely Dan,Two Against Nature (2000),Janie Runaway,"""Down in <b><u>Tampa</b></u> the future looked desperate and dark""",Tampa,"[ 27.946588813982935, -82.45954436757245 ]","{ ""type"": ""Feature"", ""properties"": { ""song"": ""Janie Runaway"", ""lyric"": ""Down in <b><u>Tampa</b></u> the future looked desperate and dark"", ""artist"": ""Steely Dan"", ""year"": ""2000"", ""album"": ""Two Against Nature"", ""count"": 10, ""pic"": ""<img src='Steely_TwoAgainstNature.png' style='height:175px; display: block; margin-left: auto; margin-right: auto; border: 5px solid #555;'>"" }, ""geometry"": { ""type"": ""Point"", ""coordinates"":[ 27.946588813982935, -82.45954436757245 ] } },",27.94658881,-82.45954437
Steely Dan,Two Against Nature (2000),Janie Runaway,"""Now you're the wonderwaif of <b><u>Gramercy Park</b></u>""","Gramercy Park, NYC","[ 40.7361469446172, -73.98423446067679 ]","{ ""type"": ""Feature"", ""properties"": { ""song"": ""Janie Runaway"", ""lyric"": ""Now you're the wonderwaif of <b><u>Gramercy Park</b></u>"", ""artist"": ""Steely Dan"", ""year"": ""2000"", ""album"": ""Two Against Nature"", ""count"": 10, ""pic"": ""<img src='Steely_TwoAgainstNature.png' style='height:175px; display: block; margin-left: auto; margin-right: auto; border: 5px solid #555;'>"" }, ""geometry"": { ""type"": ""Point"", ""coordinates"":[ 40.7361469446172, -73.98423446067679 ] } },",40.73614694,-73.98423446
Steely Dan,Two Against Nature (2000),Janie Runaway,"""Out to Binky's place, the sugar shack in <b><u>Pennsylvania</b></u>""",Pennsylvania,"[ 40.9163282010875, -77.72742667389522 ]","{ ""type"": ""Feature"", ""properties"": { ""song"": ""Janie Runaway"", ""lyric"": ""Out to Binky's place, the sugar shack in <b><u>Pennsylvania</b></u>"", ""artist"": ""Steely Dan"", ""year"": ""2000"", ""album"": ""Two Against Nature"", ""count"": 10, ""pic"": ""<img src='Steely_TwoAgainstNature.png' style='height:175px; display: block; margin-left: auto; margin-right: auto; border: 5px solid #555;'>"" }, ""geometry"": { ""type"": ""Point"", ""coordinates"":[ 40.9163282010875, -77.72742667389522 ] } },",40.9163282,-77.72742667
Steely Dan,Two Against Nature (2000),Janie Runaway,"""Who gets to spend her birthday in <b><u>Spain</b></u>. Possibly you - Janie Runaway""",Spain,"[ 39.81724925130583, -3.527120722661116 ]","{ ""type"": ""Feature"", ""properties"": { ""song"": ""Janie Runaway"", ""lyric"": ""Who gets to spend her birthday in <b><u>Spain</b></u>. Possibly you - Janie Runaway"", ""artist"": ""Steely Dan"", ""year"": ""2000"", ""album"": ""Two Against Nature"", ""count"": 10, ""pic"": ""<img src='Steely_TwoAgainstNature.png' style='height:175px; display: block; margin-left: auto; margin-right: auto; border: 5px solid #555;'>"" }, ""geometry"": { ""type"": ""Point"", ""coordinates"":[ 39.81724925130583, -3.527120722661116 ] } },",39.81724925,-3.527120723
Steely Dan,Two Against Nature (2000),West of Hollywood,"""Riding the crest of a wave breaking just west of <b><u>Hollywood</b></u>""",Hollywood,"[ 34.09747915028103, -118.36468824993118 ]","{ ""type"": ""Feature"", ""properties"": { ""song"": ""West of Hollywood"", ""lyric"": ""Riding the crest of a wave breaking just west of <b><u>Hollywood</b></u>"", ""artist"": ""Steely Dan"", ""year"": ""2000"", ""album"": ""Two Against Nature"", ""count"": 10, ""pic"": ""<img src='Steely_TwoAgainstNature.png' style='height:175px; display: block; margin-left: auto; margin-right: auto; border: 5px solid #555;'>"" }, ""geometry"": { ""type"": ""Point"", ""coordinates"":[ 34.09747915028103, -118.36468824993118 ] } },",34.09747915,-118.3646882
Steely Dan,Two Against Nature (2000),West of Hollywood,"""From the Rebus affair to the streets of <b><u>Culver City</b></u>""",Culver City,"[ 34.015735424566856, -118.39730740589357 ]","{ ""type"": ""Feature"", ""properties"": { ""song"": ""West of Hollywood"", ""lyric"": ""From the Rebus affair to the streets of <b><u>Culver City</b></u>"", ""artist"": ""Steely Dan"", ""year"": ""2000"", ""album"": ""Two Against Nature"", ""count"": 10, ""pic"": ""<img src='Steely_TwoAgainstNature.png' style='height:175px; display: block; margin-left: auto; margin-right: auto; border: 5px solid #555;'>"" }, ""geometry"": { ""type"": ""Point"", ""coordinates"":[ 34.015735424566856, -118.39730740589357 ] } },",34.01573542,-118.3973074
Steely Dan,Two Against Nature (2000),West of Hollywood,"""Don't you love <b><u>Port Blanc</b></u> when Hooterie is over?""",Port Blanc,"[ 48.835555567648626, -3.3099888115875866 ]","{ ""type"": ""Feature"", ""properties"": { ""song"": ""West of Hollywood"", ""lyric"": ""Don't you love <b><u>Port Blanc</b></u> when Hooterie is over?"", ""artist"": ""Steely Dan"", ""year"": ""2000"", ""album"": ""Two Against Nature"", ""count"": 10, ""pic"": ""<img src='Steely_TwoAgainstNature.png' style='height:175px; display: block; margin-left: auto; margin-right: auto; border: 5px solid #555;'>"" }, ""geometry"": { ""type"": ""Point"", ""coordinates"":[ 48.835555567648626, -3.3099888115875866 ] } },",48.83555557,-3.309988812
Steely Dan,Everything Must Go (2003),Blues Beach,"""It takes a crusty punk to really beat the mean streets of <b><u>Medicine Park</b></u>""",Medicine Park,"[ 34.7280625583522, -98.50056314354842 ]","{ ""type"": ""Feature"", ""properties"": { ""song"": ""Blues Beach"", ""lyric"": ""It takes a crusty punk to really beat the mean streets of <b><u>Medicine Park</b></u>"", ""artist"": ""Steely Dan"", ""year"": ""2003"", ""album"": ""Everything Must Go"", ""count"": 10, ""pic"": ""<img src='Steely_EverythingMustGo.png' style='height:175px; display: block; margin-left: auto; margin-right: auto; border: 5px solid #555;'>"" }, ""geometry"": { ""type"": ""Point"", ""coordinates"":[ 34.7280625583522, -98.50056314354842 ] } },",34.72806256,-98.50056314
Steely Dan,Everything Must Go (2003),Blues Beach,"""Then I clicked my heels and I doubled down to <b><u>Blues Beach</b></u>""",Blues Beach,"[ 39.4259234929888, -78.715021319815 ]","{ ""type"": ""Feature"", ""properties"": { ""song"": ""Blues Beach"", ""lyric"": ""Then I clicked my heels and I doubled down to <b><u>Blues Beach</b></u>"", ""artist"": ""Steely Dan"", ""year"": ""2003"", ""album"": ""Everything Must Go"", ""count"": 10, ""pic"": ""<img src='Steely_EverythingMustGo.png' style='height:175px; display: block; margin-left: auto; margin-right: auto; border: 5px solid #555;'>"" }, ""geometry"": { ""type"": ""Point"", ""coordinates"":[ 39.4259234929888, -78.715021319815 ] } },",39.42592349,-78.71502132
Steely Dan,Everything Must Go (2003),Slang of Ages,"""Now, did you say you were from the <b><u>Netherlands</b></u> or was that ""nether world""?""",Netherlands,"[ 52.20564137312049, 5.740286242527146 ]","{ ""type"": ""Feature"", ""properties"": { ""song"": ""Slang of Ages"", ""lyric"": ""Now, did you say you were from the <b><u>Netherlands</b></u> or was that 'nether world'?"", ""artist"": ""Steely Dan"", ""year"": ""2003"", ""album"": ""Everything Must Go"", ""count"": 10, ""pic"": ""<img src='Steely_EverythingMustGo.png' style='height:175px; display: block; margin-left: auto; margin-right: auto; border: 5px solid #555;'>"" }, ""geometry"": { ""type"": ""Point"", ""coordinates"":[ 52.20564137312049, 5.740286242527146 ] } },",52.20564137,5.740286243
Steely Dan,Everything Must Go (2003),Slang of Ages,"""If you grew up in <b><u>Amsterdam</b></u>, well, then I'm the Duke of Earl""",Amsterdam,"[ 52.365910009223875, 4.901640142513759 ]","{ ""type"": ""Feature"", ""properties"": { ""song"": ""Slang of Ages"", ""lyric"": ""If you grew up in <b><u>Amsterdam</b></u>, well, then I'm the Duke of Earl"", ""artist"": ""Steely Dan"", ""year"": ""2003"", ""album"": ""Everything Must Go"", ""count"": 10, ""pic"": ""<img src='Steely_EverythingMustGo.png' style='height:175px; display: block; margin-left: auto; margin-right: auto; border: 5px solid #555;'>"" }, ""geometry"": { ""type"": ""Point"", ""coordinates"":[ 52.365910009223875, 4.901640142513759 ] } },",52.36591001,4.901640143
Steely Dan,Everything Must Go (2003),Pixeleen,"""The Double A down to <b><u>Sheridan Square</b></u>""",Sheridan Square,"[ 40.73318738468174, -74.00230841524677 ]","{ ""type"": ""Feature"", ""properties"": { ""song"": ""Pixeleen"", ""lyric"": ""The Double A down to <b><u>Sheridan Square</b></u>"", ""artist"": ""Steely Dan"", ""year"": ""2003"", ""album"": ""Everything Must Go"", ""count"": 10, ""pic"": ""<img src='Steely_EverythingMustGo.png' style='height:175px; display: block; margin-left: auto; margin-right: auto; border: 5px solid #555;'>"" }, ""geometry"": { ""type"": ""Point"", ""coordinates"":[ 40.73318738468174, -74.00230841524677 ] } },",40.73318738,-74.00230842
Steely Dan,Everything Must Go (2003),Pixeleen,"""Dropped on the streets of <b><u>Roppongi</b></u>""","Roppongi, Japan","[ 35.66209293979421, 139.73406721690193 ]","{ ""type"": ""Feature"", ""properties"": { ""song"": ""Pixeleen"", ""lyric"": ""Dropped on the streets of <b><u>Roppongi</b></u>"", ""artist"": ""Steely Dan"", ""year"": ""2003"", ""album"": ""Everything Must Go"", ""count"": 10, ""pic"": ""<img src='Steely_EverythingMustGo.png' style='height:175px; display: block; margin-left: auto; margin-right: auto; border: 5px solid #555;'>"" }, ""geometry"": { ""type"": ""Point"", ""coordinates"":[ 35.66209293979421, 139.73406721690193 ] } },",35.66209294,139.7340672
Steely Dan,Everything Must Go (2003),Pixeleen,"""Backed by some guys from <b><u>Columbia</b></u>, shot all in digital video""",Columbia University,"[ 40.80757300112912, -73.96293917028558 ]","{ ""type"": ""Feature"", ""properties"": { ""song"": ""Pixeleen"", ""lyric"": ""Backed by some guys from <b><u>Columbia</b></u>, shot all in digital video"", ""artist"": ""Steely Dan"", ""year"": ""2003"", ""album"": ""Everything Must Go"", ""count"": 10, ""pic"": ""<img src='Steely_EverythingMustGo.png' style='height:175px; display: block; margin-left: auto; margin-right: auto; border: 5px solid #555;'>"" }, ""geometry"": { ""type"": ""Point"", ""coordinates"":[ 40.80757300112912, -73.96293917028558 ] } },",40.807573,-73.96293917
Steely Dan,Everything Must Go (2003),Pixeleen,"""Girl with the sweet backstory, pitched in a trailer in <b><u>Burbank</b></u>""",Burbank,"[ 34.180089382399366, -118.30947429499795 ]","{ ""type"": ""Feature"", ""properties"": { ""song"": ""Pixeleen"", ""lyric"": ""Girl with the sweet backstory, pitched in a trailer in <b><u>Burbank</b></u>"", ""artist"": ""Steely Dan"", ""year"": ""2003"", ""album"": ""Everything Must Go"", ""count"": 10, ""pic"": ""<img src='Steely_EverythingMustGo.png' style='height:175px; display: block; margin-left: auto; margin-right: auto; border: 5px solid #555;'>"" }, ""geometry"": { ""type"": ""Point"", ""coordinates"":[ 34.180089382399366, -118.30947429499795 ] } },",34.18008938,-118.3094743
Steely Dan,Everything Must Go (2003),Pixeleen,"""Cast by a cool-enough yes man, screened at a festival in <b><u>Utah</b></u>""",Utah,"[ 39.000675231041484, -111.67860386175272 ]","{ ""type"": ""Feature"", ""properties"": { ""song"": ""Pixeleen"", ""lyric"": ""Cast by a cool-enough yes man, screened at a festival in <b><u>Utah</b></u>"", ""artist"": ""Steely Dan"", ""year"": ""2003"", ""album"": ""Everything Must Go"", ""count"": 10, ""pic"": ""<img src='Steely_EverythingMustGo.png' style='height:175px; display: block; margin-left: auto; margin-right: auto; border: 5px solid #555;'>"" }, ""geometry"": { ""type"": ""Point"", ""coordinates"":[ 39.000675231041484, -111.67860386175272 ] } },",39.00067523,-111.6786039
,,,,,,<b><u>                             </b></u>,,
The Doobie Brothers,The Doobie Brothers (1971),Nobody,"""Setting out on a voyage down to Jenner""","Jenner, CA","[ 38.45067276538912, -123.1190025185089 ]","{ ""type"": ""Feature"", ""properties"": { ""song"": ""Nobody"", ""lyric"": ""Setting out on a voyage down to<b><u>Jenner</b></u>"", ""artist"": ""The Doobie Brothers"", ""year"": ""1971"", ""album"": ""The Doobie Brothers"", ""count"": 10, ""pic"": ""<img src='Doobie_TheDoobieBrothers.png' style='height:175px; display: block; margin-left: auto; margin-right: auto; border: 5px solid #555;'>"" }, ""geometry"": { ""type"": ""Point"", ""coordinates"":[ 38.45067276538912, -123.1190025185089 ] } },",38.45067277,-123.1190025
The Doobie Brothers,The Doobie Brothers (1971),Greenwood Creek,"""She own some land, and a good crop she seeks down along the banks of Greenwood Creek""","Greenwood Creek, CA","[ 39.126485025074075, -123.71692388184616 ]","{ ""type"": ""Feature"", ""properties"": { ""song"": ""Greenwood Creek"", ""lyric"": ""She own some land, and a good crop she seeks down along the banks of <b><u>Greenwood Creek</b></u>"", ""artist"": ""The Doobie Brothers"", ""year"": ""1971"", ""album"": ""The Doobie Brothers"", ""count"": 10, ""pic"": ""<img src='Doobie_TheDoobieBrothers.png' style='height:175px; display: block; margin-left: auto; margin-right: auto; border: 5px solid #555;'>"" }, ""geometry"": { ""type"": ""Point"", ""coordinates"":[ 39.126485025074075, -123.71692388184616 ] } },",39.12648503,-123.7169239
The Doobie Brothers,The Doobie Brothers (1971),Beehive State,"""Since you're the delegate from Kansas, will you kindly take the floor?""",Kansas,"[ 38.58020315402117, -98.42183468114798 ]","{ ""type"": ""Feature"", ""properties"": { ""song"": ""Beehive State"", ""lyric"": ""Since you're the delegate from <b><u>Kansas,</b></u> will you kindly take the floor?"", ""artist"": ""The Doobie Brothers"", ""year"": ""1971"", ""album"": ""The Doobie Brothers"", ""count"": 10, ""pic"": ""<img src='Doobie_TheDoobieBrothers.png' style='height:175px; display: block; margin-left: auto; margin-right: auto; border: 5px solid #555;'>"" }, ""geometry"": { ""type"": ""Point"", ""coordinates"":[ 38.58020315402117, -98.42183468114798 ] } },",38.58020315,-98.42183468
The Doobie Brothers,The Doobie Brothers (1971),Beehive State,"""We need a fire house in Topeka""",Topeka,"[ 39.04396323282895, -95.6743883022087 ]","{ ""type"": ""Feature"", ""properties"": { ""song"": ""Beehive State"", ""lyric"": ""We need a fire house in <b><u>Topeka</b></u>"", ""artist"": ""The Doobie Brothers"", ""year"": ""1971"", ""album"": ""The Doobie Brothers"", ""count"": 10, ""pic"": ""<img src='Doobie_TheDoobieBrothers.png' style='height:175px; display: block; margin-left: auto; margin-right: auto; border: 5px solid #555;'>"" }, ""geometry"": { ""type"": ""Point"", ""coordinates"":[ 39.04396323282895, -95.6743883022087 ] } },",39.04396323,-95.6743883
The Doobie Brothers,The Doobie Brothers (1971),Beehive State,"""I see the gentleman from Utah, our friendly Beehive State""",Utah,"[ 39.12976939648913, -111.2314198731501 ]","{ ""type"": ""Feature"", ""properties"": { ""song"": ""Beehive State"", ""lyric"": ""I see the gentleman from <b><u>Utah,</b></u> our friendly Beehive State"", ""artist"": ""The Doobie Brothers"", ""year"": ""1971"", ""album"": ""The Doobie Brothers"", ""count"": 10, ""pic"": ""<img src='Doobie_TheDoobieBrothers.png' style='height:175px; display: block; margin-left: auto; margin-right: auto; border: 5px solid #555;'>"" }, ""geometry"": { ""type"": ""Point"", ""coordinates"":[ 39.12976939648913, -111.2314198731501 ] } },",39.1297694,-111.2314199
The Doobie Brothers,The Doobie Brothers (1971),Chicago,"""I'm headed for bright lights, big city, Chicago""",Chicago,"[ 41.87657591677176, -87.68459665856687 ]","{ ""type"": ""Feature"", ""properties"": { ""song"": ""Chicago"", ""lyric"": ""I'm headed for bright lights, big city, <b><u>Chicago</b></u>"", ""artist"": ""The Doobie Brothers"", ""year"": ""1971"", ""album"": ""The Doobie Brothers"", ""count"": 10, ""pic"": ""<img src='Doobie_TheDoobieBrothers.png' style='height:175px; display: block; margin-left: auto; margin-right: auto; border: 5px solid #555;'>"" }, ""geometry"": { ""type"": ""Point"", ""coordinates"":[ 41.87657591677176, -87.68459665856687 ] } },",41.87657592,-87.68459666
The Doobie Brothers,Toulouse Street (1972),Mamaloi,"""I hear you callin' me home. Got to get back to Jamaica""",Jamaica,"[ 18.183173034588535, -77.35457543628516 ]","{ ""type"": ""Feature"", ""properties"": { ""song"": ""Mamaloi"", ""lyric"": ""I hear you callin' me home. Got to get back to <b><u>Jamaica</b></u>"", ""artist"": ""The Doobie Brothers"", ""year"": ""1972"", ""album"": ""Toulouse Street"", ""count"": 10, ""pic"": ""<img src='Doobie_ToulouseStreet.png' style='height:175px; display: block; margin-left: auto; margin-right: auto; border: 5px solid #555;'>"" }, ""geometry"": { ""type"": ""Point"", ""coordinates"":[ 18.183173034588535, -77.35457543628516 ] } },",18.18317303,-77.35457544
The Doobie Brothers,Toulouse Street (1972),Toulouse Street,"""The spell has been cast down in New Orleans, again""",New Orleans,"[ 29.939520378328567, -90.12427560490713 ]","{ ""type"": ""Feature"", ""properties"": { ""song"": ""Toulouse Street"", ""lyric"": ""The spell has been cast down in <b><u>New Orleans,</b></u> again"", ""artist"": ""The Doobie Brothers"", ""year"": ""1972"", ""album"": ""Toulouse Street"", ""count"": 10, ""pic"": ""<img src='Doobie_ToulouseStreet.png' style='height:175px; display: block; margin-left: auto; margin-right: auto; border: 5px solid #555;'>"" }, ""geometry"": { ""type"": ""Point"", ""coordinates"":[ 29.939520378328567, -90.12427560490713 ] } },",29.93952038,-90.1242756
The Doobie Brothers,The Captain and Me (1973),Long Train Runnin',"""Well, the Illinois Central and the Southern Central Freight got to keep pushin', mama""",Illinois Central Railroad,"[ 41.52577911228187, -87.68772745521373 ]","{ ""type"": ""Feature"", ""properties"": { ""song"": ""Long Train Runnin'"", ""lyric"": ""Well, the <b><u>Illinois Central</b></u> and the Southern Central Freight got to keep pushin', mama"", ""artist"": ""The Doobie Brothers"", ""year"": ""1973"", ""album"": ""The Captain and Me"", ""count"": 10, ""pic"": ""<img src='Doobie_TheCaptainandMe.png' style='height:175px; display: block; margin-left: auto; margin-right: auto; border: 5px solid #555;'>"" }, ""geometry"": { ""type"": ""Point"", ""coordinates"":[ 41.52577911228187, -87.68772745521373 ] } },",41.52577911,-87.68772746
The Doobie Brothers,The Captain and Me (1973),China Grove,"""When the sun comes up on a sleepy little town down around San Antone""",San Antonio,"[ 29.441468429962576, -98.50072925555526 ]","{ ""type"": ""Feature"", ""properties"": { ""song"": ""China Grove"", ""lyric"": ""When the sun comes up on a sleepy little town down around <b><u>San Antone</b></u>"", ""artist"": ""The Doobie Brothers"", ""year"": ""1973"", ""album"": ""The Captain and Me"", ""count"": 10, ""pic"": ""<img src='Doobie_TheCaptainandMe.png' style='height:175px; display: block; margin-left: auto; margin-right: auto; border: 5px solid #555;'>"" }, ""geometry"": { ""type"": ""Point"", ""coordinates"":[ 29.441468429962576, -98.50072925555526 ] } },",29.44146843,-98.50072926
The Doobie Brothers,The Captain and Me (1973),China Grove,"""Well, you talkin' 'bout the China Grove (talkin' 'bout the China Grove)""","China Grove, TX","[ 29.388819831212206, -98.34630857231951 ]","{ ""type"": ""Feature"", ""properties"": { ""song"": ""China Grove"", ""lyric"": ""Well, you talkin' 'bout the <b><u>China Grove</b></u> (talkin' 'bout the China Grove)"", ""artist"": ""The Doobie Brothers"", ""year"": ""1973"", ""album"": ""The Captain and Me"", ""count"": 10, ""pic"": ""<img src='Doobie_TheCaptainandMe.png' style='height:175px; display: block; margin-left: auto; margin-right: auto; border: 5px solid #555;'>"" }, ""geometry"": { ""type"": ""Point"", ""coordinates"":[ 29.388819831212206, -98.34630857231951 ] } },",29.38881983,-98.34630857
The Doobie Brothers,The Captain and Me (1973),Ukiah,"""Retreat and live off the land all around Ukiah, woah""","Ukiah, CA","[ 39.14904931542944, -123.20969499314708 ]","{ ""type"": ""Feature"", ""properties"": { ""song"": ""Ukiah"", ""lyric"": ""Retreat and live off the land all around <b><u>Ukiah</b></u>, woah"", ""artist"": ""The Doobie Brothers"", ""year"": ""1973"", ""album"": ""The Captain and Me"", ""count"": 10, ""pic"": ""<img src='Doobie_TheCaptainandMe.png' style='height:175px; display: block; margin-left: auto; margin-right: auto; border: 5px solid #555;'>"" }, ""geometry"": { ""type"": ""Point"", ""coordinates"":[ 39.14904931542944, -123.20969499314708 ] } },",39.14904932,-123.209695
The Doobie Brothers,What Were Once Vices Are Now Habits (1974),Black Water,"""Well, I built me a raft, and she's ready for floating. Old Mississippi, she's calling my name""",Mississippi River,"[ 38.86777976990142, -90.58646872498707 ]","{ ""type"": ""Feature"", ""properties"": { ""song"": ""Black Water"", ""lyric"": ""Well, I built me a raft, and she's ready for floating. Old <b><u>Mississippi,</b></u> she's calling my name"", ""artist"": ""The Doobie Brothers"", ""year"": ""1974"", ""album"": ""What Were Once Vices Are Now Habits"", ""count"": 10, ""pic"": ""<img src='Doobie_WhatWereOnceVicesAreNowHabits.png' style='height:175px; display: block; margin-left: auto; margin-right: auto; border: 5px solid #555;'>"" }, ""geometry"": { ""type"": ""Point"", ""coordinates"":[ 38.86777976990142, -90.58646872498707 ] } },",38.86777977,-90.58646872
The Doobie Brothers,What Were Once Vices Are Now Habits (1974),Eyes of Silver,"""Rubies by the hundreds fill the Taj Mahal""",Taj Mahal,"[ 27.17500083019219, 78.0421291124691 ]","{ ""type"": ""Feature"", ""properties"": { ""song"": ""Eyes of Silver"", ""lyric"": ""Rubies by the hundreds fill the <b><u>Taj Mahal</b></u>"", ""artist"": ""The Doobie Brothers"", ""year"": ""1974"", ""album"": ""What Were Once Vices Are Now Habits"", ""count"": 10, ""pic"": ""<img src='Doobie_WhatWereOnceVicesAreNowHabits.png' style='height:175px; display: block; margin-left: auto; margin-right: auto; border: 5px solid #555;'>"" }, ""geometry"": { ""type"": ""Point"", ""coordinates"":[ 27.17500083019219, 78.0421291124691 ] } },",27.17500083,78.04212911
The Doobie Brothers,Stampede (1975),Neal's Fandango,"""Goin' back, I'm too tired to roam, Loma Prieta my mountain home""","Loma Pireta, CA","[ 37.1107659201578, -121.8446950942785 ]","{ ""type"": ""Feature"", ""properties"": { ""song"": ""Neal's Fandango"", ""lyric"": ""Goin' back, I'm too tired to roam, <b><u>Loma Prieta</b></u> my mountain home"", ""artist"": ""The Doobie Brothers"", ""year"": ""1975"", ""album"": ""Stampede"", ""count"": 10, ""pic"": ""<img src='Doobie_Stampede.png' style='height:175px; display: block; margin-left: auto; margin-right: auto; border: 5px solid #555;'>"" }, ""geometry"": { ""type"": ""Point"", ""coordinates"":[ 37.1107659201578, -121.8446950942785 ] } },",37.11076592,-121.8446951
The Doobie Brothers,Stampede (1975),Neal's Fandango,"""On the hills above Santa Cruz to the place where I spent my youth""","Santa Cruz, CA","[ 36.97384793017926, -122.03080285891043 ]","{ ""type"": ""Feature"", ""properties"": { ""song"": ""Neal's Fandango"", ""lyric"": ""On the hills above <b><u>Santa Cruz</b></u> to the place where I spent my youth"", ""artist"": ""The Doobie Brothers"", ""year"": ""1975"", ""album"": ""Stampede"", ""count"": 10, ""pic"": ""<img src='Doobie_Stampede.png' style='height:175px; display: block; margin-left: auto; margin-right: auto; border: 5px solid #555;'>"" }, ""geometry"": { ""type"": ""Point"", ""coordinates"":[ 36.97384793017926, -122.03080285891043 ] } },",36.97384793,-122.0308029
The Doobie Brothers,Stampede (1975),Texas Lullaby,"""Watchin' the sun settle down over open Texas land""",Texas,"[ 31.885373264215065, -99.23453445781873 ]","{ ""type"": ""Feature"", ""properties"": { ""song"": ""Texas Lullaby"", ""lyric"": ""Watchin' the sun settle down over open <b><u>Texas</b></u> land"", ""artist"": ""The Doobie Brothers"", ""year"": ""1975"", ""album"": ""Stampede"", ""count"": 10, ""pic"": ""<img src='Doobie_Stampede.png' style='height:175px; display: block; margin-left: auto; margin-right: auto; border: 5px solid #555;'>"" }, ""geometry"": { ""type"": ""Point"", ""coordinates"":[ 31.885373264215065, -99.23453445781873 ] } },",31.88537326,-99.23453446
The Doobie Brothers,Stampede (1975),Music Man,"""A sweet Georgia minstrel who loves to sing the blues""",Georgia,"[ 32.74931934105467, -83.35711851998528 ]","{ ""type"": ""Feature"", ""properties"": { ""song"": ""Music Man"", ""lyric"": ""A sweet <b><u>Georgia</b></u> minstrel who loves to sing the blues"", ""artist"": ""The Doobie Brothers"", ""year"": ""1975"", ""album"": ""Stampede"", ""count"": 10, ""pic"": ""<img src='Doobie_Stampede.png' style='height:175px; display: block; margin-left: auto; margin-right: auto; border: 5px solid #555;'>"" }, ""geometry"": { ""type"": ""Point"", ""coordinates"":[ 32.74931934105467, -83.35711851998528 ] } },",32.74931934,-83.35711852
The Doobie Brothers,Stampede (1975),Rainy Day Crossroad Blues,"""Hole in my coat, hole in my shoes, sittin' in Mobile singin' the blues about you""",Mobile,"[ 30.691344006741677, -88.04613165405938 ]","{ ""type"": ""Feature"", ""properties"": { ""song"": ""Rainy Day Crossroad Blues"", ""lyric"": ""Hole in my coat, hole in my shoes, sittin' in <b><u>Mobile</b></u> singin' the blues about you"", ""artist"": ""The Doobie Brothers"", ""year"": ""1975"", ""album"": ""Stampede"", ""count"": 10, ""pic"": ""<img src='Doobie_Stampede.png' style='height:175px; display: block; margin-left: auto; margin-right: auto; border: 5px solid #555;'>"" }, ""geometry"": { ""type"": ""Point"", ""coordinates"":[ 30.691344006741677, -88.04613165405938 ] } },",30.69134401,-88.04613165
The Doobie Brothers,Takin' It to the Streets (1976),8th Avenue Shuffle,"""New York girls they always make you feel so fine""",8th ave NY,"[ 40.749430534298526, -73.99552454596828 ]","{ ""type"": ""Feature"", ""properties"": { ""song"": ""8th Avenue Shuffle"", ""lyric"": ""<b><u>New York</b></u> girls they always make you feel so fine"", ""artist"": ""The Doobie Brothers"", ""year"": ""1976"", ""album"": ""Takin' It to the Streets"", ""count"": 10, ""pic"": ""<img src='Doobie_TakinItToTheStreets.png' style='height:175px; display: block; margin-left: auto; margin-right: auto; border: 5px solid #555;'>"" }, ""geometry"": { ""type"": ""Point"", ""coordinates"":[ 40.749430534298526, -73.99552454596828 ] } },",40.74943053,-73.99552455
The Doobie Brothers,Takin' It to the Streets (1976),Rio,"""The beaches and the sea, that's where I long to be, in Rio""",Rio de Janeiro,"[ -22.94617014006418, -43.21613277818784 ]","{ ""type"": ""Feature"", ""properties"": { ""song"": ""Rio"", ""lyric"": ""The beaches and the sea, that's where I long to be, in <b><u>Rio</b></u>"", ""artist"": ""The Doobie Brothers"", ""year"": ""1976"", ""album"": ""Takin' It to the Streets"", ""count"": 10, ""pic"": ""<img src='Doobie_TakinItToTheStreets.png' style='height:175px; display: block; margin-left: auto; margin-right: auto; border: 5px solid #555;'>"" }, ""geometry"": { ""type"": ""Point"", ""coordinates"":[ -22.94617014006418, -43.21613277818784 ] } },",-22.94617014,-43.21613278
The Doobie Brothers,Takin' It to the Streets (1976),Carry Me Away,"""There was a place in East St. Louis, it was in nineteen fifty nine""",East St. Louis,"[ 38.61962984317871, -90.14424918647562 ]","{ ""type"": ""Feature"", ""properties"": { ""song"": ""Carry Me Away"", ""lyric"": ""There was a place in <b><u>East St. Louis,</b></u> it was in nineteen fifty nine"", ""artist"": ""The Doobie Brothers"", ""year"": ""1976"", ""album"": ""Takin' It to the Streets"", ""count"": 10, ""pic"": ""<img src='Doobie_TakinItToTheStreets.png' style='height:175px; display: block; margin-left: auto; margin-right: auto; border: 5px solid #555;'>"" }, ""geometry"": { ""type"": ""Point"", ""coordinates"":[ 38.61962984317871, -90.14424918647562 ] } },",38.61962984,-90.14424919
The Doobie Brothers,Livin' on the Fault Line (1977),Livin' on the Fault Line,"""No more lovely dreams of those summer nights down in Santo Domingo""",Santo Domingo,"[ 18.470431868496696, -69.93177462032779 ]","{ ""type"": ""Feature"", ""properties"": { ""song"": ""Livin' on the Fault Line"", ""lyric"": ""No more lovely dreams of those summer nights down in <b><u>Santo Domingo</b></u>"", ""artist"": ""The Doobie Brothers"", ""year"": ""1977"", ""album"": ""Livin' on the Fault Line"", ""count"": 10, ""pic"": ""<img src='Doobie_LivinOnTheFaultLine.png' style='height:175px; display: block; margin-left: auto; margin-right: auto; border: 5px solid #555;'>"" }, ""geometry"": { ""type"": ""Point"", ""coordinates"":[ 18.470431868496696, -69.93177462032779 ] } },",18.47043187,-69.93177462
The Doobie Brothers,Livin' on the Fault Line (1977),Need a Lady,"""Need a lady like the lady from Tennessee""",Tennessee,"[ 35.794742663915635, -86.73361562376064 ]","{ ""type"": ""Feature"", ""properties"": { ""song"": ""Need a Lady"", ""lyric"": ""Need a lady like the lady from <b><u>Tennessee</b></u>"", ""artist"": ""The Doobie Brothers"", ""year"": ""1977"", ""album"": ""Livin' on the Fault Line"", ""count"": 10, ""pic"": ""<img src='Doobie_LivinOnTheFaultLine.png' style='height:175px; display: block; margin-left: auto; margin-right: auto; border: 5px solid #555;'>"" }, ""geometry"": { ""type"": ""Point"", ""coordinates"":[ 35.794742663915635, -86.73361562376064 ] } },",35.79474266,-86.73361562
The Doobie Brothers,Cycles (1989),The Doctor,"""I'm a man who lives in the street, from F.L.A. up to Frisco Bay""",Florida,"[ 28.135757701858697, -81.6455349925671 ]","{ ""type"": ""Feature"", ""properties"": { ""song"": ""The Doctor"", ""lyric"": ""I'm a man who lives in the street, from <b><u>F.L.A.</b></u> up to Frisco Bay"", ""artist"": ""The Doobie Brothers"", ""year"": ""1989"", ""album"": ""Cycles"", ""count"": 10, ""pic"": ""<img src='Doobie_Cycles.png' style='height:175px; display: block; margin-left: auto; margin-right: auto; border: 5px solid #555;'>"" }, ""geometry"": { ""type"": ""Point"", ""coordinates"":[ 28.135757701858697, -81.6455349925671 ] } },",28.1357577,-81.64553499
The Doobie Brothers,Cycles (1989),The Doctor,"""I'm a man who lives in the street, from F.L.A. up to Frisco Bay""",San Francisco Bay,"[ 37.6546542077017, -122.27596565376346 ]","{ ""type"": ""Feature"", ""properties"": { ""song"": ""The Doctor"", ""lyric"": ""I'm a man who lives in the street, from F.L.A. up to <b><u>Frisco Bay</b></u>"", ""artist"": ""The Doobie Brothers"", ""year"": ""1989"", ""album"": ""Cycles"", ""count"": 10, ""pic"": ""<img src='Doobie_Cycles.png' style='height:175px; display: block; margin-left: auto; margin-right: auto; border: 5px solid #555;'>"" }, ""geometry"": { ""type"": ""Point"", ""coordinates"":[ 37.6546542077017, -122.27596565376346 ] } },",37.65465421,-122.2759657
The Doobie Brothers,Cycles (1989),South Of The Border,"""There's a town south of the border. South of El Paso they say""",El Paso,"[ 31.78710228037233, -106.48564157024347 ]","{ ""type"": ""Feature"", ""properties"": { ""song"": ""South Of The Border"", ""lyric"": ""There's a town south of the border. South of <b><u>El Paso</b></u> they say"", ""artist"": ""The Doobie Brothers"", ""year"": ""1989"", ""album"": ""Cycles"", ""count"": 10, ""pic"": ""<img src='Doobie_Cycles.png' style='height:175px; display: block; margin-left: auto; margin-right: auto; border: 5px solid #555;'>"" }, ""geometry"": { ""type"": ""Point"", ""coordinates"":[ 31.78710228037233, -106.48564157024347 ] } },",31.78710228,-106.4856416
The Doobie Brothers,Sibling Rivalry (2000),Jericho,"""Well I'm standin' on top of the mountain just about a mile from Jericho""",Jericho,"[ 31.86032757773707, 35.460736106652114 ]","{ ""type"": ""Feature"", ""properties"": { ""song"": ""Jericho"", ""lyric"": ""Well I'm standin' on top of the mountain just about a mile from <b><u>Jericho</b></u>"", ""artist"": ""The Doobie Brothers"", ""year"": ""2000"", ""album"": ""Sibling Rivalry"", ""count"": 10, ""pic"": ""<img src='Doobie_SiblingRivalry.png' style='height:175px; display: block; margin-left: auto; margin-right: auto; border: 5px solid #555;'>"" }, ""geometry"": { ""type"": ""Point"", ""coordinates"":[ 31.86032757773707, 35.460736106652114 ] } },",31.86032758,35.46073611
The Doobie Brothers,Sibling Rivalry (2000),Jericho,"""Well some gunmen robbed a bank in California and the cops blew them all away""",California,"[ 36.32404095026427, -118.72494709376348 ]","{ ""type"": ""Feature"", ""properties"": { ""song"": ""Jericho"", ""lyric"": ""Well some gunmen robbed a bank in <b><u>California</b></u> and the cops blew them all away"", ""artist"": ""The Doobie Brothers"", ""year"": ""2000"", ""album"": ""Sibling Rivalry"", ""count"": 10, ""pic"": ""<img src='Doobie_SiblingRivalry.png' style='height:175px; display: block; margin-left: auto; margin-right: auto; border: 5px solid #555;'>"" }, ""geometry"": { ""type"": ""Point"", ""coordinates"":[ 36.32404095026427, -118.72494709376348 ] } },",36.32404095,-118.7249471
The Doobie Brothers,World Gone Crazy (2010),A Brighter Day,"""There's a little bitty boy down in Jamaica""",Jamaica,"[ 18.26694193392329, -77.71854806079257 ]","{ ""type"": ""Feature"", ""properties"": { ""song"": ""A Brighter Day"", ""lyric"": ""There's a little bitty boy down in <b><u>Jamaica</b></u>"", ""artist"": ""The Doobie Brothers"", ""year"": ""2010"", ""album"": ""World Gone Crazy"", ""count"": 10, ""pic"": ""<img src='Doobie_WorldGoneCrazy.png' style='height:175px; display: block; margin-left: auto; margin-right: auto; border: 5px solid #555;'>"" }, ""geometry"": { ""type"": ""Point"", ""coordinates"":[ 18.26694193392329, -77.71854806079257 ] } },",18.26694193,-77.71854806
The Doobie Brothers,World Gone Crazy (2010),Don't Say Goodbye,"""Remember those nights down in old San Jose?""",San Jose,"[ 37.3001063609362, -121.867076488755 ]","{ ""type"": ""Feature"", ""properties"": { ""song"": ""Don't Say Goodbye"", ""lyric"": ""Remember those nights down in old <b><u>San Jose</b></u>?"", ""artist"": ""The Doobie Brothers"", ""year"": ""2010"", ""album"": ""World Gone Crazy"", ""count"": 10, ""pic"": ""<img src='Doobie_WorldGoneCrazy.png' style='height:175px; display: block; margin-left: auto; margin-right: auto; border: 5px solid #555;'>"" }, ""geometry"": { ""type"": ""Point"", ""coordinates"":[ 37.3001063609362, -121.867076488755 ] } },",37.30010636,-121.8670765
The Doobie Brothers,World Gone Crazy (2010),Old Juarez,"""Well there's a new gunslinger in Juarez town""",Juarez,"[ 31.63555660228281, -106.45879384883443 ]","{ ""type"": ""Feature"", ""properties"": { ""song"": ""Old Juarez"", ""lyric"": ""Well there's a new gunslinger in <b><u>Juarez</b></u> town"", ""artist"": ""The Doobie Brothers"", ""year"": ""2010"", ""album"": ""World Gone Crazy"", ""count"": 10, ""pic"": ""<img src='Doobie_WorldGoneCrazy.png' style='height:175px; display: block; margin-left: auto; margin-right: auto; border: 5px solid #555;'>"" }, ""geometry"": { ""type"": ""Point"", ""coordinates"":[ 31.63555660228281, -106.45879384883443 ] } },",31.6355566,-106.4587938
The Doobie Brothers,World Gone Crazy (2010),New York Dream,"""Then you're meetin' with your lawyers down on Gramercy""","Gramercy Park, NYC","[ 40.73258534783322, -73.98316874663138 ]","{ ""type"": ""Feature"", ""properties"": { ""song"": ""New York Dream"", ""lyric"": ""Then you're meetin' with your lawyers down on <b><u>Gramercy</b></u>"", ""artist"": ""The Doobie Brothers"", ""year"": ""2010"", ""album"": ""World Gone Crazy"", ""count"": 10, ""pic"": ""<img src='Doobie_WorldGoneCrazy.png' style='height:175px; display: block; margin-left: auto; margin-right: auto; border: 5px solid #555;'>"" }, ""geometry"": { ""type"": ""Point"", ""coordinates"":[ 40.73258534783322, -73.98316874663138 ] } },",40.73258535,-73.98316875
The Doobie Brothers,Liberté (2021),Oh Mexico,"""Take my advice and make that drive to the Gulf of Mexico""",Gulf of Mexico,"[ 22.18347560437205, -97.82140400896195 ]","{ ""type"": ""Feature"", ""properties"": { ""song"": ""Oh Mexico"", ""lyric"": ""Take my advice and make that drive to the <b><u>Gulf of Mexico</b></u>"", ""artist"": ""The Doobie Brothers"", ""year"": ""2021"", ""album"": ""Liberté"", ""count"": 10, ""pic"": ""<img src='Doobie_Liberté.png' style='height:175px; display: block; margin-left: auto; margin-right: auto; border: 5px solid #555;'>"" }, ""geometry"": { ""type"": ""Point"", ""coordinates"":[ 22.18347560437205, -97.82140400896195 ] } },",22.1834756,-97.82140401
,,,,,,,,
Eagles,Eagles (1972),Take It Easy,"""Well, I'm a-standin' on a corner in <b><u>Winslow, Arizona</b></u> and such a fine sight to see""","Winslow, Arizona","[ 35.02691801697909, -110.70323917547209 ]","{ ""type"": ""Feature"", ""properties"": { ""song"": ""Take It Easy"", ""lyric"": ""Well, I'm a-standin' on a corner in <b><u>Winslow, Arizona</b></u> and such a fine sight to see"", ""artist"": ""Eagles"", ""year"": ""1972"", ""album"": ""Eagles"", ""count"": 10, ""pic"": ""<img src='Eagles_TheEagles.png' style='height:175px; display: block; margin-left: auto; margin-right: auto; border: 5px solid #555;'>"" }, ""geometry"": { ""type"": ""Point"", ""coordinates"":[ 35.02691801697909, -110.70323917547209 ] } },",35.02691802,-110.7032392
Eagles,Desperado (1973),Doolin-Dalton,"""Two brothers lyin' dead in <b><u>Coffeyville</b></u>""","Coffeyville, Kansas","[ 37.039755853834876, -95.62969012065207 ]","{ ""type"": ""Feature"", ""properties"": { ""song"": ""Doolin-Dalton"", ""lyric"": ""Two brothers lyin' dead in <b><u>Coffeyville</b></u>"", ""artist"": ""Eagles"", ""year"": ""1973"", ""album"": ""Desperado"", ""count"": 10, ""pic"": ""<img src='Eagles_Desperado.png' style='height:175px; display: block; margin-left: auto; margin-right: auto; border: 5px solid #555;'>"" }, ""geometry"": { ""type"": ""Point"", ""coordinates"":[ 37.039755853834876, -95.62969012065207 ] } },",37.03975585,-95.62969012
Eagles,Desperado (1973),Outlaw Man,"""First left my woman, it was down in <b><u>Santa Fe</b></u>""",Santa Fe,"[ 35.64871516494751, -106.00020614244804 ]","{ ""type"": ""Feature"", ""properties"": { ""song"": ""Outlaw Man"", ""lyric"": ""First left my woman, it was down in <b><u>Santa Fe</b></u>"", ""artist"": ""Eagles"", ""year"": ""1973"", ""album"": ""Desperado"", ""count"": 10, ""pic"": ""<img src='Eagles_Desperado.png' style='height:175px; display: block; margin-left: auto; margin-right: auto; border: 5px solid #555;'>"" }, ""geometry"": { ""type"": ""Point"", ""coordinates"":[ 35.64871516494751, -106.00020614244804 ] } },",35.64871516,-106.0002061
Eagles,Desperado (1973),Outlaw Man,"""Headed for <b><u>Oklahoma</b></u>, I was ridin' night and day""",Oklahoma,"[ 35.459518725903294, -97.0728372679738 ]","{ ""type"": ""Feature"", ""properties"": { ""song"": ""Outlaw Man"", ""lyric"": ""Headed for <b><u>Oklahoma</b></u>, I was ridin' night and day"", ""artist"": ""Eagles"", ""year"": ""1973"", ""album"": ""Desperado"", ""count"": 10, ""pic"": ""<img src='Eagles_Desperado.png' style='height:175px; display: block; margin-left: auto; margin-right: auto; border: 5px solid #555;'>"" }, ""geometry"": { ""type"": ""Point"", ""coordinates"":[ 35.459518725903294, -97.0728372679738 ] } },",35.45951873,-97.07283727
Eagles,Desperado (1973),Bitter Creek,"""Oh, son, don't wade too deep in <b><u>Bitter Creek</b></u>""",Bitter Creek,"[ 41.55078687274287, -108.5549672798064 ]","{ ""type"": ""Feature"", ""properties"": { ""song"": ""Bitter Creek"", ""lyric"": ""Oh, son, don't wade too deep in <b><u>Bitter Creek</b></u>"", ""artist"": ""Eagles"", ""year"": ""1973"", ""album"": ""Desperado"", ""count"": 10, ""pic"": ""<img src='Eagles_Desperado.png' style='height:175px; display: block; margin-left: auto; margin-right: auto; border: 5px solid #555;'>"" }, ""geometry"": { ""type"": ""Point"", ""coordinates"":[ 41.55078687274287, -108.5549672798064 ] } },",41.55078687,-108.5549673
Eagles,On the Border (1974),Midnight Flyer,"""Maybe I'll go to <b><u>Santa Fe</b></u>, maybe San Antone""",Santa Fe,"[ 35.7095109475156, -105.93909469749914 ]","{ ""type"": ""Feature"", ""properties"": { ""song"": ""Midnight Flyer"", ""lyric"": ""Maybe I'll go to <b><u>Santa Fe</b></u>, maybe San Antone"", ""artist"": ""Eagles"", ""year"": ""1974"", ""album"": ""On the Border"", ""count"": 10, ""pic"": ""<img src='EaglesOnTheBorder.png.png' style='height:175px; display: block; margin-left: auto; margin-right: auto; border: 5px solid #555;'>"" }, ""geometry"": { ""type"": ""Point"", ""coordinates"":[ 35.7095109475156, -105.93909469749914 ] } },",35.70951095,-105.9390947
Eagles,On the Border (1974),Midnight Flyer,"""Maybe I'll go to Santa Fe, maybe <b><u>San Antone</b></u>""",San Antonio,"[ 29.578865820502255, -98.52268395973864 ]","{ ""type"": ""Feature"", ""properties"": { ""song"": ""Midnight Flyer"", ""lyric"": ""Maybe I'll go to Santa Fe, maybe <b><u>San Antone</b></u>"", ""artist"": ""Eagles"", ""year"": ""1974"", ""album"": ""On the Border"", ""count"": 10, ""pic"": ""<img src='EaglesOnTheBorder.png' style='height:175px; display: block; margin-left: auto; margin-right: auto; border: 5px solid #555;'>"" }, ""geometry"": { ""type"": ""Point"", ""coordinates"":[ 29.578865820502255, -98.52268395973864 ] } },",29.57886582,-98.52268396
Eagles,One of These Nights (1975),Hollywood Waltz,"""<b><u>Southern California</b></u> will see one more day""",Southern California,"[ 34.63938378546761, -117.34941621610362 ]","{ ""type"": ""Feature"", ""properties"": { ""song"": ""Hollywood Waltz"", ""lyric"": ""<b><u>Southern California</b></u> will see one more day"", ""artist"": ""Eagles"", ""year"": ""1975"", ""album"": ""One of These Nights"", ""count"": 10, ""pic"": ""<img src='Eagles_OneOfTheseNights.png' style='height:175px; display: block; margin-left: auto; margin-right: auto; border: 5px solid #555;'>"" }, ""geometry"": { ""type"": ""Point"", ""coordinates"":[ 34.63938378546761, -117.34941621610362 ] } },",34.63938379,-117.3494162
Eagles,Hotel California (1976),Hotel California,"""I thought I heard them say 'Welcome to the <b><u>Hotel California</b></u>'""",Todos Santos,"[ 23.454859051570068, -110.23301922601024 ]","{ ""type"": ""Feature"", ""properties"": { ""song"": ""Hotel California"", ""lyric"": ""I thought I heard them say 'Welcome to the <b><u>Hotel California</b></u>'"", ""artist"": ""Eagles"", ""year"": ""1976"", ""album"": ""Hotel California"", ""count"": 10, ""pic"": ""<img src='Eagles_HotelCalifornia.png' style='height:175px; display: block; margin-left: auto; margin-right: auto; border: 5px solid #555;'>"" }, ""geometry"": { ""type"": ""Point"", ""coordinates"":[ 23.454859051570068, -110.23301922601024 ] } },",23.45485905,-110.2330192
Eagles,Hotel California (1976),The Last Resort,"""She came from <b><u>Providence</b></u>, one in <b><u>Rhode Island</b></u>""",Providence,"[ 41.81941537573564, -71.41500429503814 ]","{ ""type"": ""Feature"", ""properties"": { ""song"": ""The Last Resort"", ""lyric"": ""She came from <b><u>Providence</b></u>, one in <b><u>Rhode Island</b></u>"", ""artist"": ""Eagles"", ""year"": ""1976"", ""album"": ""Hotel California"", ""count"": 10, ""pic"": ""<Eagles_HotelCalifornia.png' style='height:175px; display: block; margin-left: auto; margin-right: auto; border: 5px solid #555;'>"" }, ""geometry"": { ""type"": ""Point"", ""coordinates"":[ 41.81941537573564, -71.41500429503814 ] } },",41.81941538,-71.4150043
Eagles,Hotel California (1976),The Last Resort,"""Through the canyons of the coast to the <b><u>Malibu</b></u>""",Malibu,"[ 34.02548943334403, -118.81395816736334 ]","{ ""type"": ""Feature"", ""properties"": { ""song"": ""The Last Resort"", ""lyric"": ""Through the canyons of the coast to the <b><u>Malibu</b></u>"", ""artist"": ""Eagles"", ""year"": ""1976"", ""album"": ""Hotel California"", ""count"": 10, ""pic"": ""<img src='Eagles_HotelCalifornia.png' style='height:175px; display: block; margin-left: auto; margin-right: auto; border: 5px solid #555;'>"" }, ""geometry"": { ""type"": ""Point"", ""coordinates"":[ 34.02548943334403, -118.81395816736334 ] } },",34.02548943,-118.8139582
Eagles,Hotel California (1976),The Last Resort,"""You can leave it all behind, sail to <b><u>Lahaina</b></u>",Lahaina,"[ 20.886894335994707, -156.67971698564403 ]","{ ""type"": ""Feature"", ""properties"": { ""song"": ""The Last Resort"", ""lyric"": ""You can leave it all behind, sail to <b><u>Lahaina</b></u>"", ""artist"": ""Eagles"", ""year"": ""1976"", ""album"": ""Hotel California"", ""count"": 10, ""pic"": ""<img src='Eagles_HotelCalifornia.png' style='height:175px; display: block; margin-left: auto; margin-right: auto; border: 5px solid #555;'>"" }, ""geometry"": { ""type"": ""Point"", ""coordinates"":[ 20.886894335994707, -156.67971698564403 ] } },",20.88689434,-156.679717
Eagles,The Long Run (1979),The Long Run,"""'Cause all the debutants in <b><u>Houston</b></u>, baby""",Houston,"[ 29.80723652683017, -95.37251986544297 ]","{ ""type"": ""Feature"", ""properties"": { ""song"": ""The Long Run"", ""lyric"": ""'Cause all the debutants in <b><u>Houston</b></u>, baby"", ""artist"": ""Eagles"", ""year"": ""1979"", ""album"": ""The Long Run"", ""count"": 10, ""pic"": ""<img src='Eagles_TheLongRun.png' style='height:175px; display: block; margin-left: auto; margin-right: auto; border: 5px solid #555;'>"" }, ""geometry"": { ""type"": ""Point"", ""coordinates"":[ 29.80723652683017, -95.37251986544297 ] } },",29.80723653,-95.37251987
Eagles,The Long Run (1979),The Disco Strangler,"""He's the melody without a cure and <b><u>Rome</b></u> is burning, but that's all right""",Rome,"[ 41.88133096364913, 12.48654488244034 ]","{ ""type"": ""Feature"", ""properties"": { ""song"": ""The Disco Strangler"", ""lyric"": ""He's the melody without a cure and <b><u>Rome</b></u> is burning, but that's all right"", ""artist"": ""Eagles"", ""year"": ""1979"", ""album"": ""The Long Run"", ""count"": 10, ""pic"": ""<img src='Eagles_TheLongRun.png' style='height:175px; display: block; margin-left: auto; margin-right: auto; border: 5px solid #555;'>"" }, ""geometry"": { ""type"": ""Point"", ""coordinates"":[ 41.88133096364913, 12.48654488244034 ] } },",41.88133096,12.48654488
Eagles,Long Road Out of Eden (2007),Long Road Out of Eden,"""Been down the road to <b><u>Damascus</b></u>, the road to Mandalay""",Damascus,"[ 33.50973834046849, 36.29113114286267 ]","{ ""type"": ""Feature"", ""properties"": { ""song"": ""Long Road Out of Eden"", ""lyric"": ""Been down the road to <b><u>Damascus</b></u>, the road to Mandalay"", ""artist"": ""Eagles"", ""year"": ""2007"", ""album"": ""Long Road Out of Eden"", ""count"": 10, ""pic"": ""<img src='Eagles_LongRoadOutOfEden.png' style='height:175px; display: block; margin-left: auto; margin-right: auto; border: 5px solid #555;'>"" }, ""geometry"": { ""type"": ""Point"", ""coordinates"":[ 33.50973834046849, 36.29113114286267 ] } },",33.50973834,36.29113114
Eagles,Long Road Out of Eden (2007),Long Road Out of Eden,"""Been down the road to Damascus, the road to <b><u>Mandalay</b></u>""",Mandalay,"[ 21.946389927393465, 96.08886595163276 ]","{ ""type"": ""Feature"", ""properties"": { ""song"": ""Long Road Out of Eden"", ""lyric"": ""Been down the road to Damascus, the road to <b><u>Mandalay</b></u>"", ""artist"": ""Eagles"", ""year"": ""2007"", ""album"": ""Long Road Out of Eden"", ""count"": 10, ""pic"": ""<img src='Eagles_LongRoadOutOfEden.png' style='height:175px; display: block; margin-left: auto; margin-right: auto; border: 5px solid #555;'>"" }, ""geometry"": { ""type"": ""Point"", ""coordinates"":[ 21.946389927393465, 96.08886595163276 ] } },",21.94638993,96.08886595
Eagles,Long Road Out of Eden (2007),Business As Usual,"""We got the prettiest <b><u>White House</b></u> that money can buy""",The White House,"[ 38.8975176231444, -77.03654053276811 ]","{ ""type"": ""Feature"", ""properties"": { ""song"": ""Business As Usual"", ""lyric"": ""We got the prettiest <b><u>White House</b></u> that money can buy"", ""artist"": ""Eagles"", ""year"": ""2007"", ""album"": ""Long Road Out of Eden"", ""count"": 10, ""pic"": ""<img src='Eagles_LongRoadOutOfEden.png' style='height:175px; display: block; margin-left: auto; margin-right: auto; border: 5px solid #555;'>"" }, ""geometry"": { ""type"": ""Point"", ""coordinates"":[ 38.8975176231444, -77.03654053276811 ] } },",38.89751762,-77.03654053
Eagles,Long Road Out of Eden (2007),Business As Usual,"""Boy, you can't go surfing in <b><u>Century City</b></u>""",Century City,"[ 34.055493396644486, -118.41537070573914 ]","{ ""type"": ""Feature"", ""properties"": { ""song"": ""Business As Usual"", ""lyric"": ""Boy, you can't go surfing in <b><u>Century City</b></u>"", ""artist"": ""Eagles"", ""year"": ""2007"", ""album"": ""Long Road Out of Eden"", ""count"": 10, ""pic"": ""<img src='Eagles_LongRoadOutOfEden.png' style='height:175px; display: block; margin-left: auto; margin-right: auto; border: 5px solid #555;'>"" }, ""geometry"": { ""type"": ""Point"", ""coordinates"":[ 34.055493396644486, -118.41537070573914 ] } },",34.0554934,-118.4153707
